Name,Team,PlayerId
Juan Soto,SDP,20123
Aaron Judge,NYY,15640
Julio Rodríguez,SEA,23697
Mookie Betts,LAD,13611
Adley Rutschman,BAL,26288
Mike Trout,LAA,10155
Wander Franco,TBR,23667
Yordan Alvarez,HOU,19556
Fernando Tatis Jr.,SDP,19709
Ronald Acuña Jr.,ATL,18401
José Ramírez,CLE,13510
Vladimir Guerrero Jr.,TOR,19611
Nolan Arenado,STL,9777
Alex Bregman,HOU,17678
Kyle Tucker,HOU,18345
Manny Machado,SDP,11493
Carlos Correa,MIN,14162
Brandon Nimmo,NYM,12927
Freddie Freeman,LAD,5361
Trea Turner,PHI,16252
Corey Seager,TEX,13624
Jose Altuve,HOU,5417
J.T. Realmuto,PHI,11739
Francisco Lindor,NYM,12916
Xander Bogaerts,SDP,12161
Rafael Devers,BOS,17350
Alejandro Kirk,TOR,22581
Austin Riley,ATL,18360
Will Smith,LAD,19197
Bo Bichette,TOR,19612
Michael Harris II,ATL,25931
Paul Goldschmidt,STL,9218
Marcus Semien,TEX,12533
Pete Alonso,NYM,19251
Gunnar Henderson,BAL,26289
Sean Murphy,ATL,19352
Yandy Díaz,TBR,16578
Luis Robert Jr.,CHW,20043
George Springer,TOR,12856
Bryan Reynolds,PIT,19326
Andrés Giménez,CLE,19950
Bobby Witt Jr.,KCR,25764
Willy Adames,MIL,15986
Masataka Yoshida,BOS,31837
Oneil Cruz,PIT,21711
Byron Buxton,MIN,14161
Jeff McNeil,NYM,15362
Steven Kwan,CLE,24610
Tommy Edman,STL,19470
Jazz Chisholm Jr.,MIA,20454
Nico Hoerner,CHC,21479
Brandon Lowe,TBR,18882
Matt Chapman,TOR,16505
Luis Arraez,MIA,18568
Gleyber Torres,NYY,16997
Amed Rosario,CLE,15518
Matt Olson,ATL,14344
Dansby Swanson,CHC,18314
Corbin Carroll,ARI,25878
Daulton Varsho,TOR,19918
Anthony Rendon,LAA,12861
Seiya Suzuki,CHC,30116
Cal Raleigh,SEA,21534
Willson Contreras,STL,11609
Tim Anderson,CHW,15172
Ty France,SEA,17982
Vinnie Pasquantino,KCR,27676
Ozzie Albies,ATL,16556
Riley Greene,DET,25976
Cedric Mullins,BAL,17929
Shohei Ohtani,LAA,19755
Jorge Polanco,MIN,13152
Ketel Marte,ARI,13613
Ke'Bryan Hayes,PIT,18577
Christian Yelich,MIL,11477
Nathaniel Lowe,TEX,19566
J.P. Crawford,SEA,15491
Jean Segura,MIA,5933
Taylor Ward,LAA,17548
Thairo Estrada,SFG,16426
Ha-Seong Kim,SDP,27506
Luis Urías,MIL,16622
Isaac Paredes,TBR,20036
Jonah Heim,TEX,16930
Harrison Bader,NYY,18030
Jake Cronenworth,SDP,18036
Brendan Donovan,STL,24679
Dylan Carlson,STL,20126
Randy Arozarena,TBR,19290
Ian Happ,CHC,17919
Ezequiel Tovar,COL,24064
Eloy Jiménez,CHW,17484
Gavin Lux,LAD,19955
Jose Trevino,NYY,16725
Max Muncy,LAD,13301
Brendan Rodgers,COL,17907
Christian Walker,ARI,13419
Jose Siri,TBR,17452
Starling Marte,NYM,9241
CJ Abrams,WSN,25768
Jonathan India,CIN,21523
Kyle Schwarber,PHI,16478
Alec Bohm,PHI,21618
Tyler O'Neill,STL,15711
Jose Miranda,MIN,20538
Yoán Moncada,CHW,17232
Danny Jansen,TOR,16535
Lars Nootbaar,STL,21454
Keibert Ruiz,WSN,19610
Rhys Hoskins,PHI,16472
Ramón Laureano,OAK,17128
Trent Grisham,SDP,18564
Kolten Wong,SEA,12532
DJ LeMahieu,NYY,9874
Ryan McMahon,COL,15112
Eugenio Suárez,SEA,12552
Yasmani Grandal,CHW,11368
Mike Yastrzemski,SFG,14854
Anthony Rizzo,NYY,3473
Jeremy Peña,HOU,21636
Bryson Stott,PHI,26294
José Abreu,HOU,15676
Ramón Urías,BAL,18795
Andrew Benintendi,CHW,17901
Jake McCarthy,ARI,21622
Rowdy Tellez,MIL,15679
Vaughn Grissom,ATL,26031
Tony Kemp,OAK,14894
Christopher Morel,CHC,21897
William Contreras,MIL,20503
Giancarlo Stanton,NYY,4949
Andrew Vaughn,CHW,26197
Teoscar Hernández,SEA,13066
Javier Báez,DET,12979
Christian Bethancourt,TBR,10028
Logan O'Hoppe,LAA,24729
Alex Verdugo,BOS,17027
Oscar Gonzalez,CLE,20970
Santiago Espinal,TOR,19997
Brandon Crawford,SFG,5343
Josh Naylor,CLE,18839
Manuel Margot,TBR,14712
Gabriel Moreno,ARI,22664
Mitch Haniger,SFG,14274
Ryan Mountcastle,BAL,18373
Josh Rojas,ARI,19734
Austin Hays,BAL,19363
Bryce Harper,PHI,11579
MJ Melendez,KCR,22197
Myles Straw,CLE,17620
Endy Rodriguez,PIT,sa3008272
Mark Canha,NYM,11445
Triston Casas,BOS,22514
Anthony Santander,BAL,14551
Omar Narváez,NYM,13338
Josh Bell,CLE,13145
Miguel Vargas,LAD,20178
Hunter Renfroe,LAA,15464
Christian Vázquez,MIN,9774
Max Kepler,MIN,12144
Austin Meadows,DET,15672
Tyler Stephenson,CIN,17988
Elvis Andrus,,8709
Anthony Volpe,NYY,sa3010868
Shea Langeliers,OAK,25816
Esteury Ruiz,OAK,21780
Lane Thomas,WSN,16939
Wilmer Flores,SFG,5827
Enrique Hernández,BOS,10472
Mike Zunino,CLE,13265
Royce Lewis,MIN,20437
Cody Bellinger,CHC,15998
Salvador Perez,KCR,7304
Carson Kelly,ARI,13620
Oscar Colas,CHW,sa3018099
Garrett Mitchell,MIL,27555
Joc Pederson,SFG,11899
Adolis García,TEX,19287
Kris Bryant,COL,15429
Joey Meneses,WSN,14366
Nick Fortes,MIA,21538
Miguel Rojas,LAD,7802
Manny Piña,OAK,2829
Michael Conforto,SFG,16376
Luis Rengifo,LAA,19858
Josh Jung,TEX,26299
Ji Hwan Bae,PIT,23818
Luis García,WSN,20391
Reese McGuire,BOS,15674
Trayce Thompson,LAD,9952
James Outman,LAD,24770
Leody Taveras,TEX,18900
Michael Massey,KCR,27684
Rodolfo Castro,PIT,21987
David Villar,SFG,24782
Jeimer Candelario,WSN,13621
Brandon Drury,LAA,11615
Lourdes Gurriel Jr.,ARI,19238
Jacob Stallings,PIT,13723
Joey Wendle,MIA,13853
Adam Frazier,BAL,15223
Jesse Winker,MIL,13590
Kyle Higashioka,NYY,5517
Travis d'Arnaud,ATL,7739
Spencer Steer,CIN,26323
Garrett Cooper,MIA,15279
Nick Maton,DET,21635
Nick Allen,OAK,22277
Spencer Torkelson,DET,27465
Nolan Gorman,STL,22263
Michael Brantley,HOU,4106
Jonathan Schoop,DET,11265
Seth Brown,OAK,18171
Josh Donaldson,NYY,5038
Drew Waters,KCR,20505
Chris Taylor,LAD,13757
Jonathan Aranda,TBR,21837
Aledmys Díaz,OAK,15937
Brice Turang,MIL,sa3008294
Oswald Peraza,NYY,22823
Luis Guillorme,NYM,16451
Eduardo Escobar,NYM,6153
Kerry Carpenter,DET,25961
Jace Peterson,OAK,12325
Jack Suwinski,PIT,22244
Bryan De La Cruz,MIA,19600
Tyrone Taylor,MIL,13675
Austin Nola,SDP,15941
Ryan Jeffers,MIN,24618
José Iglesias,,10231
Jordan Walker,STL,sa3014464
Oswaldo Cabrera,NYY,21707
TJ Friedl,CIN,19522
Bo Naylor,CLE,21865
Austin Barnes,LAD,12158
Adalberto Mondesi,BOS,13769
Harold Ramírez,TBR,14387
Luis Campusano,SDP,22217
Justin Turner,BOS,5235
Chas McCormick,HOU,19599
Tom Murphy,SEA,13499
Aaron Hicks,NYY,5297
Jon Berti,MIA,12037
Victor Caratini,MIL,14968
Jurickson Profar,,10815
Yan Gomes,CHC,9627
Ji-Man Choi,PIT,5452
Donny Sands,DET,18603
Kevin Newman,CIN,17696
Brian Serven,COL,19422
Orlando Arcia,ATL,13185
Alex Kirilloff,MIN,20325
Whit Merrifield,TOR,11281
Martín Maldonado,HOU,6887
Joey Gallo,MIN,14128
Kevin Kiermaier,TOR,11038
Mitch Garver,TEX,15161
Avisaíl García,MIA,5760
Jorge Soler,MIA,14221
Gio Urshela,LAA,10681
Akil Baddoo,DET,22168
Edward Olivares,KCR,19698
Brandon Marsh,PHI,20202
Austin Slater,SFG,16153
Trevor Story,BOS,12564
Lenyn Sosa,CHW,22896
Jarred Kelenic,SEA,22558
Max Stassi,LAA,10059
Will Brennan,CLE,25660
J.D. Davis,SFG,16219
Michael A. Taylor,MIN,11489
Blake Sabol,SFG,sa3010269
Kyle Isbel,KCR,21614
Alex Call,WSN,19296
Francisco Mejía,TBR,16403
Wil Myers,CIN,10047
Jared Walsh,LAA,18607
Connor Wong,BOS,19896
Matt Mervis,CHC,sa3015051
Ezequiel Duran,TEX,23733
Juan Yepez,STL,18400
Christian Arroyo,BOS,16434
J.D. Martinez,LAD,6184
Kyle Lewis,ARI,19508
Matt Vierling,DET,21558
Austin Hedges,PIT,12976
Cal Mitchell,PIT,22169
Kyle Farmer,MIN,14813
Joey Bart,SFG,21524
Tomás Nido,NYM,13755
Nicky Lopez,KCR,19339
C.J. Cron,COL,12546
Isiah Kiner-Falefa,NYY,16512
Elly De La Cruz,CIN,sa3009289
Tucker Barnhart,CHC,10200
Daniel Vogelbach,NYM,14130
Yonathan Daza,COL,15794
Kyle Stowers,BAL,26151
Evan Longoria,ARI,9368
Josh Lowe,TBR,19953
Josh Harrison,CHW,8202
David Fletcher,LAA,17992
Gary Sanchez,,11442
Carlos Santana,PIT,2396
Mauricio Dubón,HOU,16530
Connor Joe,PIT,16572
Jesús Sánchez,MIA,19913
Matt Carpenter,SDP,8090
Jordan Groshans,MIA,23794
Nick Senzel,CIN,19293
Dylan Moore,SEA,18042
Roberto Perez,,2900
Dominic Smith,WSN,15653
Francisco Álvarez,NYM,26121
Trey Mancini,CHC,15149
David Peralta,,2136
Jorge Mateo,BAL,17273
Nick Castellanos,PHI,11737
Brian Anderson,MIL,18289
Patrick Wisdom,CHC,13602
Jake Fraley,CIN,19260
Josh H. Smith,TEX,26396
Victor Robles,WSN,18363
Taylor Walls,TBR,22458
Nick Ahmed,ARI,12147
Randal Grichuk,COL,10243
Nolan Jones,COL,20529
Alek Thomas,ARI,23792
Nick Pratto,KCR,22117
Seby Zavala,CHW,18887
Eric Haase,DET,14111
Donovan Solano,,8623
James McCann,BAL,12859
Romy Gonzalez,CHW,21562
LaMonte Wade Jr.,SFG,18126
Carter Kieboom,WSN,19958
Jake Meyers,HOU,20308
Edmundo Sosa,PHI,17022
Sean Bouchard,COL,21270
Eric Hosmer,CHC,3516
Paul DeJong,STL,18015
Nick Gordon,MIN,16337
Jordan Westburg,BAL,sa3014499
Andrew McCutchen,PIT,9847
Ben Gamel,,12160
Kevin Plawecki,,13807
Gavin Sheets,CHW,19901
Brandon Belt,TOR,10264
Ryan Noda,OAK,sa873960
Marcell Ozuna,ATL,10324
Tyler Freeman,CLE,22532
Jake Rogers,DET,19452
Ryan Kreidler,DET,25867
Samad Taylor,KCR,sa918192
Cristian Pache,OAK,19948
Jordan Luplow,ATL,16424
AJ Pollock,SEA,9256
Luke Maile,CIN,13355
Geraldo Perdomo,ARI,22799
Corey Dickerson,WSN,10762
Tommy Pham,NYM,2967
Brett Baty,NYM,26123
Sal Frelick,MIL,sa3017047
Tyler Nevin,DET,17893
Jesús Aguilar,OAK,11342
Jake Alu,WSN,sa3010009
Emmanuel Rivera,ARI,19890
Adam Duvall,BOS,10950
David Hensley,HOU,25111
Vidal Bruján,TBR,20536
Cavan Biggio,TOR,19252
Stuart Fairchild,CIN,20321
Didi Gregorius,,6012
Rougned Odor,,12282
Nate Eaton,KCR,25055
Freddy Fermin,KCR,21840
Elehuris Montero,COL,20543
Carlos Pérez,CHW,20805
Conner Capel,OAK,19983
Rob Refsnyder,BOS,13770
Jonah Bride,OAK,24703
Ildemaro Vargas,WSN,13324
Gabriel Arias,CLE,22563
Tyler Heineman,,13897
Sam Haggerty,SEA,18054
Darick Hall,PHI,19717
Andrelton Simmons,,10847
Stone Garrett,WSN,19273
Alejo Lopez,CIN,21127
Zack Gelof,OAK,sa3017286
Luke Voit,,14811
Yainer Diaz,HOU,23003
Jake Burger,CHW,22275
Nick Madrigal,CHC,20521
Trevor Larnach,MIN,21501
Robbie Grossman,,5254
Elias Díaz,COL,11680
Alec Burleson,STL,27615
Kevin Smith,OAK,20242
Andrew Knizner,STL,19514
Korey Lee,HOU,25543
Alan Trejo,COL,20056
Tyler Naquin,,13359
Tucupita Marcano,PIT,22871
Tommy La Stella,SEA,12371
Odúbel Herrera,,11476
Hunter Dozier,KCR,15117
George Valera,CLE,sa3006872
Michael Toglia,COL,25845
Bubba Thompson,TEX,22261
César Hernández,,10556
Joey Votto,CIN,4314
Brett Wisely,SFG,sa1170003
Nelson Velázquez,CHC,23359
Brandon Dixon,SDP,15214
Nick Solak,CIN,19294
Yuli Gurriel,,19198
Yu Chang,,14773
Will Benson,CLE,21853
Abraham Toro,MIL,19844
Addison Barger,TOR,sa3006910
Isan Díaz,SFG,17922
Michael Siani,CIN,22557
JJ Bleday,MIA,26368
Eguy Rosario,SDP,19964
Danny Mendick,NYM,18889
Jacob Amaya,MIA,sa3005081
José Azocar,SDP,18821
Garrett Stubbs,HOU,18067
Gilberto Celestino,MIN,20233
Franmil Reyes,,14566
Iván Herrera,STL,20599
René Pinto,TBR,19859
Mike Brosseau,MIL,19683
Jonathan Villar,,10071
Zach McKinstry,CHC,19392
Terrin Vavra,BAL,24400
Cam Gallagher,,12981
Adam Engel,SDP,15082
Cooper Hummel,SEA,19458
Luis González,SFG,20332
Keston Hiura,MIL,20003
Ben Rortvedt,NYY,20287
Nelson Cruz,SDP,2434
Jorge Alfaro,,12180
Jordan Diaz,OAK,22650
Matt Wallner,MIN,26466
Justyn-Henry Malloy,DET,sa3017073
Jason Heyward,LAD,4940
Darin Ruf,NYM,9929
Curtis Mead,TBR,sa3008392
Taylor Trammell,SEA,19960
Chad Pinder,,15191
Mark Mathias,TEX,18032
Austin Wynns,,15271
Canaan Smith-Njigba,PIT,23264
Israel Pineda,WSN,22906
Kody Clemens,PHI,20572
Sam Huff,TEX,22209
Estevan Florial,NYY,19151
Enmanuel Valdez,BOS,sa917288
Cal Stevenson,OAK,22411
Tyler Soderstrom,OAK,sa3014489
Michael Busch,LAD,sa3011540
Jackie Bradley Jr.,,12984
Leury Garcia,CHW,5913
Evan White,SEA,20078
Jared Triolo,PIT,sa3010272
Pavin Smith,ARI,19892
Jose Herrera,ARI,17040
Hanser Alberto,,11902
Yolbert Sanchez,CHW,sa3011471
Johan Camargo,,14950
Jarren Duran,BOS,24617
Matt Duffy,,13836
Harold Castro,COL,14691
Rafael Ortega,,10323
Liover Peguero,PIT,24273
Ceddanne Rafaela,BOS,sa3005581
Jake Cave,PHI,14477
Miles Mastrobuoni,CHC,20017
Joey Wiemer,MIL,sa3014531
Bobby Dalbec,BOS,19966
Edouard Julien,MIN,sa3014445
Richie Palacios,CLE,24589
Brad Miller,TEX,12775
Victor Reyes,CHW,15487
Dalton Guthrie,PHI,21293
Willie MacIver,COL,sa3007828
Maikel Garcia,KCR,22715
Travis Swaggerty,PIT,24491
Tyler Wade,OAK,15730
Raimel Tapia,,14350
Pedro Severino,,14523
Mickey Moniak,LAA,19956
Parker Meadows,DET,sa3007943
David Hamilton,BOS,sa3014434
Alcides Escobar,,6310
Chadwick Tromp,ATL,16953
Edwin Ríos,,18316
Nomar Mazara,BAL,14553
Jo Adell,LAA,20220
Zack Short,DET,19562
Livan Soto,LAA,22471
Dillon Dingler,DET,sa3014528
Dermis Garcia,OAK,20926
Travis Jankowski,TEX,13768
J.J. Matijevic,HOU,20165
Jeter Downs,WSN,22202
Otto Lopez,TOR,19608
Sam Hilliard,ATL,17954
Ryan McKenna,BAL,19928
Lewin Díaz,,18365
Payton Henry,MIL,22164
Jonathan Davis,,15104
Braden Shewmake,ATL,sa3010332
Andre Lipcius,DET,sa3010401
Austin Allen,MIA,18083
Matt Thaiss,LAA,19318
Anthony Bemboom,BAL,13854
Pedro Leon,HOU,sa3014838
Kevin Pillar,,12434
Rafael Marchan,PHI,21646
Nathan Lukes,TOR,sa875215
Nick Loftin,KCR,sa3014511
Luis Torrens,,15905
Brenton Doyle,COL,sa3009965
Derek Hill,WSN,16947
Kyle McCann,OAK,sa1159677
Bryan Lavastida,CLE,24765
Mike Moustakas,,4892
Robinson Canó,ATL,3269
Spencer Horwitz,TOR,sa1115496
Owen Miller,MIL,24655
Miguel Andújar,,15878
Buddy Kennedy,ARI,22505
Michael Hermosillo,NYY,16285
Brett Phillips,LAA,14735
Colton Welker,SFG,19961
Willi Castro,,17338
David Bote,CHC,14593
Curt Casali,CIN,12510
Brent Rooker,OAK,19627
Joey Ortiz,BAL,sa3009889
Peyton Burdick,MIA,25459
Patrick Mazeika,LAD,18142
Rylan Bannon,HOU,19768
Jed Lowrie,,4418
Mark Vientos,NYM,22184
Bligh Madris,HOU,20054
Símon Muzziotti,PHI,19553
Luke Raley,TBR,19354
Ehire Adrianza,,8418
Michael Stefanic,LAA,25353
Ryan O'Hearn,,16442
Charlie Culberson,,3298
Matt Reynolds,CIN,13788
David Fry,CLE,sa3006787
Dominic Fletcher,ARI,sa1115778
Wenceel Perez,DET,sa3003326
Davis Wendzel,TEX,sa3011890
Matthew Batten,SDP,20157
Ernie Clement,OAK,20352
Charlie Blackmon,COL,7859
Max Schrock,SDP,17750
Jerar Encarnacion,MIA,21871
Jose Barrero,CIN,23378
Michael Chavis,,17321
Charles Leblanc,MIA,19813
Andrew Velazquez,LAA,14196
Skye Bolt,,17723
Alfonso Rivas,,21560
Yonny Hernandez,LAD,19432
Seth Beer,ARI,20493
Hoy Park,,18027
Ryan Vilade,PIT,22165
Khalil Lee,NYM,19952
Willie Calhoun,,17838
Blake Perkins,MIL,sa874806
Yoshi Tsutsugo,TEX,27459
Dixon Machado,HOU,11472
Sandy Leon,,5273
Chad Wallach,LAA,17161
Tony Wolters,,11470
Mike Tauchman,,15274
Austin Wells,NYY,sa3014440
Andres Chaparro,NYY,sa916976
Christian Encarnacion-Strand,CIN,sa3017756
Roman Quinn,,13546
Tim Locastro,,15124
Paul McIntosh,MIA,sa3017372
Logan Porter,KCR,sa3007750
Niko Goodrum,,12092
Raudy Read,,15766
Connor Norby,BAL,sa3017019
Henry Davis,PIT,sa3017042
Alexander Canario,CHC,sa3003316
Ryan Casteel,ATL,sa549286
Orelvis Martinez,TOR,sa3010692
Colton Cowser,BAL,sa3017018
Nick Dini,TBR,18206
Justin Dirden,HOU,sa3014986
Jake Lamb,LAA,13329
Mario Feliciano,,20263
Ronaldo Hernández,BOS,sa881850
Jakson Reetz,KCR,17837
Chris Gittens,,18482
Meibrys Viloria,CLE,17109
Lorenzo Quintana,,sa3005394
Brayan Rocchio,CLE,sa3005898
Kyle Manzardo,TBR,sa3017342
Stephen Scott,BOS,sa3011469
Javier Valdes,ATL,sa3010902
Jamie Ritchie,,sa829058
Andrew Susac,,13132
Luca Tresh,KCR,sa3017394
Aramis Garcia,,16925
Josh Breaux,NYY,sa3008051
Jonny DeLuca,LAD,sa3011644
Justin Foscue,TEX,sa3014527
Cam Balego,,sa3004517
Deivy Grullón,,15988
Zach Britton,TOR,sa3014821
Hunter Feduccia,LAD,sa3007872
Cole Tucker,COL,17326
Rodolfo Durán,NYY,sa877500
Daniel Cope,COL,sa3010157
Everson Pereira,NYY,sa3007034
Jordan Lawlar,ARI,sa3017662
Ronny Mauricio,NYM,sa3006887
Casey Schmitt,SFG,sa3014484
Brett Sullivan,SDP,sa857232
Zach Humphreys,LAA,sa3016853
Cesar Salazar,HOU,sa3008107
Corey Julks,HOU,sa913274
Hudson Haskin,BAL,sa3014449
Maverick Handley,BAL,sa3010848
Jose Rodriguez,CHW,sa3005788
Blaze Alexander,ARI,sa3007742
Nick Raposo,STL,sa3015018
Angel Martinez,CLE,sa3008762
Devin Mann,LAD,sa3006869
Michael De La Cruz,,sa736830
Julio E. Rodriguez,DET,sa917669
Tyler Gentry,KCR,sa3014485
Brian O'Keefe,,16680
Josh Lester,BAL,17737
Dominic Miroglio,ARI,sa739013
C.J. Hinojosa,MIA,sa658616
Austin Martin,MIN,sa3014454
Corey Joyce,DET,sa3010596
Darius Hill,CHC,sa3010395
Luke Berryhill,HOU,sa3011587
Jeisson Rosario,NYY,sa3004146
Garrett Hampson,,19262
Quincy Hamilton,HOU,sa3017215
Josh Morgan,,sa828797
Devlin Granberg,BOS,sa3006671
Jose Caballero,SEA,sa3004817
Donovan Walton,SFG,19314
Brett Harris,OAK,sa3017293
Rob Brantly,,10655
Diego Cartaya,LAD,sa3008742
Greg Cullen,BAL,sa3007069
Heliot Ramos,SFG,22515
Phil Clarke,TOR,sa3011379
Brennen Davis,CHC,sa3007876
Carson Taylor,LAD,sa3014468
Moisés Gómez,STL,sa875163
Jorge Barrosa,ARI,sa3005524
Brandon Martorano,SFG,sa918686
Yunior Severino,MIN,sa3003185
William Simoneit,OAK,sa3014885
Nick Gonzales,PIT,sa3014510
Andy Pages,LAD,sa3005625
Wyatt Young,NYM,sa3017081
Vimael Machín,,17684
Luke Waddell,ATL,sa3017075
Michael Cruz,,sa918049
Andrew Bechtold,MIN,sa829787
Wilyer Abreu,BOS,sa3005082
Matt McLain,CIN,sa3017154
Osleivis Basabe,TBR,sa3006594
Connor Hollis,SDP,sa3007870
Wendell Rijo,PHI,sa739597
JJ Schwarz,OAK,sa3008391
Kramer Robertson,STL,20022
Ryan Gold,,sa918639
Robert Hassell III,WSN,sa3014701
Masyn Winn,STL,sa3014506
Bryan Ramos,CHW,sa3010024
Jhonny Pereda,CIN,sa735866
Jose Tena,CLE,sa3005482
Bryce Windham,CHC,sa3010403
Dustin Harris,TEX,sa3010279
Ryan Lavarnway,,8879
Austin Shenton,TBR,sa3009869
Jake Mangum,MIA,sa3011255
Tristan Gray,TBR,sa829756
Jesus Bastidas,NYY,sa916969
Zach Neto,LAA,sa3019855
Roberto Peña,,sa548359
Dominic Canzone,ARI,sa1115890
Jair Camargo,,sa917333
Deyvison De Los Santos,ARI,sa3015168
Kameron Misner,TBR,sa3011656
Stevie Berman,TOR,sa873599
Wynton Bernard,,13408
Cody Roberts,PHI,sa3007869
Daniel Vellojin,CIN,sa3005587
Matt Gorski,PIT,sa3010399
Tanner Morris,TOR,sa3009873
Lorenzo Cain,,9077
John Hicks,PHI,12547
Ricardo Genovés,SFG,sa916844
Kole Cottam,BOS,sa3006780
Coby Mayo,BAL,sa3014479
Noelvi Marte,CIN,sa3008745
Jantzen Witte,,sa738324
Jake Marisnick,,11339
Abraham Almonte,NYM,5486
Trey Sweeney,NYY,sa3016973
Hunter Stovall,COL,sa3008181
Esteban Quiroz,CHC,19780
Jonathan Araúz,NYM,20275
Luisangel Acuña,TEX,sa3008765
Carter Aldrete,SFG,sa3010008
Max Moroff,,14556
Colson Montgomery,CHW,sa3017170
Drew Avans,LAD,sa3006937
Aaron Zavala,TEX,sa3017665
John Valente,DET,sa3006923
Joe Perez,HOU,22254
Nick Meyer,NYM,sa3007826
Sean Roby,SFG,sa3007788
Tyler Neslony,CHW,sa918131
Evan Skoug,CHW,sa829713
Jhonkensy Noel,CLE,sa3005579
Matt Davidson,,7226
Ronny Simon,TBR,sa3008365
Pedro Pages,STL,sa3010339
Cade Marlowe,SEA,sa1170288
Roberto Alvarez,,sa917107
Taylor Motter,STL,12399
Korry Howell,SDP,sa3008238
Brett Cumberland,SFG,sa915611
Julio Carreras,COL,sa3005598
Andres Angulo,,sa872806
Andrew Navigato,DET,sa3010703
Juan Centeno,ARI,7168
Daniel Pinero,,sa738204
Yairo Munoz,,16313
Ali Sánchez,,18551
Clint Coulter,SFG,sa657922
Beau Taylor,,12384
Caleb Hamilton,BOS,19842
Yonathan Perlaza,CHC,sa917302
Diego Castillo,ARI,19906
Jake Slaughter,CHC,sa3007871
Scott Manea,,sa829837
Brandon Lockridge,NYY,sa3006856
Aaron Antonini,STL,sa3010906
Tyler Fitzgerald,SFG,sa3011257
Matt Scheffler,SEA,sa3014832
Breyvic Valera,,12758
Dairon Blanco,KCR,19779
Drew Ellis,SEA,19873
Elijah Dunham,NYY,sa3014827
A.J. Vukovich,ARI,sa3014525
Will Wilson,SFG,sa3009871
Tres Barrera,WSN,19977
Chavez Young,,sa918963
Gavin Collins,TBR,sa857219
Jason Vosler,,16686
Joe Rizzo,,sa917934
Drew Millas,WSN,sa3014475
Jose Alvarez,STL,sa3003377
Willians Astudillo,,15608
Mark Payton,,16042
Riley Unroe,LAA,sa737614
Armando Alvarez,SFG,sa913279
Jonathan Ornelas,TEX,sa3006909
Franklin Torres,,sa830300
Nicholas Northcut,CIN,sa3007640
Gavin Stupienski,,sa913367
Brett Auerbach,SFG,sa3014941
J.C. Correa,HOU,sa3014823
Christian Koss,BOS,sa3011227
Eddys Leonard,LAD,sa3005554
Chase Strumpf,CHC,sa3010845
José Rondón,,14140
Dillon Paulson,TBR,sa3007007
Alex Avila,,7476
Hunter Goodman,COL,sa3017173
J.P. Martinez,TEX,sa3005607
Kyren Paris,LAA,sa3011768
Francisco Urbaez,CIN,sa3014944
Pablo Reyes,OAK,16357
Ryan Ward,LAD,sa1169792
Sebastian Rivero,CHW,21735
Darell Hernaiz,,sa3011309
Andruw Monasterio,MIL,sa830359
Jose Fermin,STL,sa917339
Andres Alvarez,PIT,sa3010710
Ryan January,LAD,sa918104
Robel García,,13167
Jhon Nuñez,,sa736923
Coco Montes,COL,sa3006715
Nick Dunn,STL,sa915613
Jhonny Santos,,sa828314
Daniel Brito,,sa872732
Taylor Davis,,12782
Martin Cervenka,,sa492636
Jason Delay,PIT,19806
Blake Hunt,TBR,sa3004153
LJ Talley,TOR,sa1169773
Evan Carter,TEX,sa3014490
Brian Navarreto,MIL,16398
Carter Bins,PIT,sa1115884
Cam Devanney,MIL,sa1170010
Andy Ibáñez,,18819
Ben DeLuzio,CHC,19644
Ernie Yake,MIN,sa3017902
Chuckie Robinson,CIN,19824
Rafael Lantigua,TOR,sa3003219
Luis Santana,HOU,sa921577
Ronnie Freeman,,sa658013
Cesar Prieto,BAL,sa3018100
Gareth Morgan,,sa828708
Jahmai Jones,LAD,18872
Zach Remillard,,sa659077
Luis Aviles Jr.,,sa738445
Alex Binelas,BOS,sa3017044
Matt Fraizer,PIT,sa918983
Steward Berroa,TOR,sa3003276
Brent Diaz,MIL,sa3004297
Jonathan Morales,COL,sa875808
Webster Rivas,,14636
Melvin Novoa,,sa827953
James Free,CIN,sa3011156
Mike Antico,STL,sa3016922
John Rave,KCR,sa918890
Levi Jordan,CHC,sa3007976
Ivan Gonzalez,CHW,sa3010014
Kyle Seager,,9785
Ibandel Isabel,,sa737017
Jason Lopez,MIL,sa872552
Will Wagner,HOU,sa3017079
Johan Mieses,,sa747574
Michael Helman,MIN,sa3008280
Scott Hurst,STL,20501
Josh VanMeter,,15170
Yoelqui Céspedes,CHW,sa3015137
Roldani Baldwin,,sa828313
Andrew Stevenson,,17932
Adam Hackenberg,CHW,sa3017041
Sergio Alcántara,CHC,16417
Josh Palacios,PIT,19818
Austin Listi,,sa3004170
Michael Guldberg,OAK,sa3014822
Taylor Kohlwey,SDP,sa918457
Davis Schneider,TOR,sa3004518
Rudy Martin,,sa829374
Quincy Nieporte,DET,sa3004819
Matt Kroon,PHI,sa3007502
Jeremiah Jackson,LAA,sa3007740
Trey Hair,,sa3003436
Jimmy Herron,COL,sa3008183
Edgar Quero,LAA,sa3015239
Tristan Peters,TBR,sa3017851
Jose Rojas,,19331
Diego Hernandez,KCR,sa3005759
Jacob Wilson,,13254
Tim Federowicz,,8609
Jesus Valdez,ARI,sa3005492
Leonel Valera,WSN,sa917320
Tyler White,MIN,15564
Michael Gigliotti,SFG,sa915700
Josh Stowers,LAD,sa3007010
Brady Policelli,,sa918279
Bryan Torres,,sa885119
Leandro Cedeño,,sa873307
Yariel Gonzalez,,sa920278
Nathan Hickey,BOS,sa3017398
Jason Martin,,16429
Hendrik Clementina,ATL,sa828422
Felix Valerio,MIL,sa3005613
Freddy Galvis,,6609
Joe Hudson,ATL,14412
Travis Jones,,sa829805
Brendon Davis,DET,18587
Matt Koperniak,STL,sa3014834
Niko Hulsizer,TBR,sa3007053
Greg Jones,TBR,sa3010151
Niko Kavadas,BOS,sa3017337
Josh Crouch,DET,sa3017370
Chris Bec,TOR,sa3006727
Jermaine Palacios,DET,18371
Adam Haseley,CHW,19878
Kyle Mottice,,sa3007655
José Godoy,LAA,15808
Dylan Cozens,,15115
Mitch Nay,,sa657873
Corban Joseph,,5503
Izzy Wilson,,sa877504
Nick Sogard,BOS,sa1169919
Nick Dalesandro,ARI,sa3007503
Patrick Bailey,SFG,sa3014442
David Sheaffer,,sa3006846
Alex Jackson,MIL,17276
Mitchell Tolman,ATL,sa858829
Weston Wilson,,sa873690
Nick Kahle,MIL,sa1115979
Cristian Santana,,sa829387
C.J. Chatham,,sa873984
David MacKinnon,,19625
Eli White,ATL,19346
Aaron Schunk,COL,sa3009957
Juan Graterol,,5398
Johnathan Rodriguez,CLE,sa3004147
Xavier Edwards,MIA,sa3007018
Tristin English,ARI,sa876328
Jack Conley,PHI,sa3006857
Miguel Palma,HOU,sa3009279
CJ Alexander,KCR,sa3006912
Wilfredo Tovar,,10416
Brewer Hicklen,KCR,20450
Oscar Mercado,STL,16375
Scott Kapers,TEX,sa3007013
Andy Weber,CHC,sa3008282
Pete Crow-Armstrong,CHC,sa3014458
Domingo Leyba,,16404
Lorenzo Cedrola,NYM,sa872850
D.J. Burt,,sa828876
Elih Marrero,BOS,sa3007822
Ford Proctor,SFG,21634
Roby Enriquez,ARI,sa3018209
Christian Kelley,,sa875583
Jackson Chourio,MIL,sa3015704
Tucker Bradley,KCR,sa3014937
Nasim Nuñez,MIA,sa3010695
Eliezer Alfonzo,DET,sa3003262
Dylan Busby,,sa915789
Tim Tawa,ARI,sa3016970
Ray-Patrick Didder,,sa736824
Hayden Senger,NYM,sa3007009
Ryan Boldt,,sa738262
Robert Neustrom,BAL,sa3006667
Isaac Collins,MIL,sa3009884
Chase Pinder,STL,sa3003961
Luis De Los Santos,TOR,sa917822
Max Schuemann,OAK,sa3007511
Freddy Zamora,MIL,sa3014500
Jorbit Vivas,LAD,sa3005511
Mickey Gasper,NYY,sa3007747
Wilson Ramos,,1433
Sheldon Neuse,,19635
Bret Boswell,,sa918769
Ryan LaMarre,,10700
Isiah Gilliam,,sa829343
Carlos Rincon,,sa917319
David Masters,,sa602586
Arquímedes Gamboa,,sa877497
Chris Owings,,10030
Evan Mendoza,SDP,sa3002836
Justin Yurchak,LAD,sa915590
Marty Costes,HOU,sa3006783
Cam Eden,TOR,sa3009883
Trey Cabbage,LAA,sa875022
Trevor Hauver,TEX,sa3014448
Lucas Erceg,MIL,sa872722
Herbert Iser,PHI,sa3010679
Vince Fernandez,,sa873990
Nick Ciuffo,,16291
Ruben Cardenas,TBR,sa3007505
Damiano Palmegiani,TOR,sa3017326
Peter Maris,,sa877608
Michael Papierski,DET,21386
DJ Peters,,19348
Tyler Payne,,21139
Gage Workman,DET,sa3014441
Tyler Cropley,KCR,sa3007510
Christian Colón,,11145
Jake Palomaki,,sa3007003
Malcom Nunez,PIT,sa3008113
John Ryan Murphy,PIT,10346
Marco Luciano,SFG,sa3010022
Jesse Franklin V,ATL,sa3014532
David García,TEX,sa3003197
Rayder Ascanio,,sa735861
Anthony Seigler,NYY,sa3006894
Johan Rojas,PHI,sa3005784
C.J. Stubbs,HOU,sa3010328
Narciso Crook,BOS,17473
Robert Perez Jr.,SEA,sa3002851
Eddy Alvarez,MIL,16959
Tyler Dearden,BOS,sa3005103
Miguelangel Sierra,,sa872750
Hayden Cantrelle,SFG,sa3014426
Kyle Garlick,,18063
Allan Cerda,CIN,sa3005504
Jack Kruger,,19634
John Aiello,TOR,sa3007012
Cody Milligan,ATL,sa1169818
Jimmy Govern,KCR,sa3010166
Diego Infante,TBR,sa3003280
Chris Herrmann,,9284
Josh Ockimey,,sa829375
Chad De La Guerra,,sa875729
Nick Conti,,sa3010844
Thomas Milone,,sa737640
Cadyn Grenier,BAL,sa3008140
Trenton Brooks,OAK,sa873268
Renato Núñez,,14503
Darrien Miller,MIL,sa3011330
Brandon Valenzuela,SDP,sa3005729
Darren Baker,WSN,sa3017554
Colby Fitch,,sa915614
Dustin Garneau,,9433
Casey Golden,COL,sa873997
Chase Calabuig,OAK,sa3006927
Jon Rosoff,DET,sa3007635
Brady Lindsly,WSN,sa3014942
Will Banfield,MIA,sa3007973
Mark Kolozsvary,BAL,21304
Jasson Domínguez,NYY,sa3014696
Edgar Cabral,,sa738507
Yeiner Fernandez,LAD,sa3015182
Justin Toerner,STL,sa3006735
Grant Witherspoon,TBR,sa3007047
Zavier Warren,MIL,sa3014549
Micah Pries,CLE,sa3014830
Zac Cook,TOR,sa3015090
Josh Stephen,,sa918203
Brian O'Grady,,16729
Brandon McIlwain,NYM,sa3015076
Kaden Polcovich,SEA,sa3014496
Ismael Alcantara,LAD,sa3002862
Logan Davidson,OAK,sa918676
Tyler Friis,,sa915593
Michael Perez,,12977
Will Craig,,19267
Mark Contreras,,20122
José Marmolejos,,15767
Shane Matheny,SFG,sa3004780
Forrest Wall,,sa828682
Griffin Conine,MIA,sa876060
Abrahan Gutierrez,PIT,sa3004263
Tim Susnara,CHC,sa829699
Carlos Martínez,,sa737214
Cole Freeman,,sa915838
Jason Krizan,SFG,12394
Jack Larsen,SEA,20510
Justin Dean,ATL,sa3007070
Jancarlos Cintron,ARI,sa3004065
Connor Lien,,sa658195
BJ Boyd,LAA,sa657987
Domingo Santana,,10348
Nate Mondou,,19563
Sandro Fabian,,sa872803
Ripken Reyes,SDP,sa3010159
Blaine Crim,TEX,sa3010170
Michael Beltre,,sa736945
DaShawn Keirsey Jr.,MIN,sa3007301
Noah Cardenas,MIN,sa3017624
Kellin Deglan,,sa548189
Grae Kessinger,HOU,sa3010327
Jhailyn Ortiz,PHI,sa920180
Nick Quintana,CIN,sa3010390
Will Toffey,PHI,sa829401
Diosbel Arias,TEX,sa3005308
Dom Nuñez,,15055
Chris Betts,,sa874791
Dalton Rushing,LAD,sa3019892
Mason McCoy,SEA,sa3002758
Ian Sagdal,,sa875695
Rangel Ravelo,,10839
Zach Green,,14973
Zac Veen,COL,sa3014516
Jordan Procyshen,,sa829345
Zach Reks,,19667
Zach DeLoach,SEA,sa3014547
Chris Okey,,19245
Aaron Palensky,NYY,sa3015077
Jose Ramos,LAD,sa3008845
Eric Filia,,sa827359
Drew Ferguson,,sa875766
Andy Thomas,SFG,sa3016953
Luke Williams,,19931
Shane McGuire,OAK,sa3017284
Bryce Johnson,SFG,20002
Collin Theroux,,sa876102
Renae Martinez,,sa3004255
Garrett Hiott,,sa3009972
Julian Escobedo,CLE,sa3010030
Warming Bernabel,COL,sa3008761
Frank Schwindel,,15351
Hyun Soo Kim,,18718
Maikel Franco,,12179
Ronald Guzmán,,14388
Jameson Hannah,COL,sa3007046
Eric Yang,CIN,sa1169769
Morgan McCullough,KCR,sa3009868
Delvin Pérez,,sa917935
Lolo Sanchez,PIT,sa917767
Brian Miller,MIA,20047
Chris Hudgins,,sa829684
Kevin Padlo,LAA,16593
Daniel Palka,,14897
Dane Myers,MIA,sa915708
Jack Kenley,,sa3010718
Daniel Montano,COL,sa917068
Junior Caminero,TBR,sa3015532
Frankie Tostado,WSN,sa3007030
Max McDowell,PHI,sa875626
Jason Castro,,8722
Jeison Guzmán,KCR,sa914314
Raynel Delgado,CLE,sa3007288
Gianpaul Gonzalez,,sa829276
Jose Lobaton,,4243
Mitch Longo,,sa874178
Aderlin Rodríguez,,sa511026
Alex De Goti,MIA,19477
Henry Ramos,CIN,11481
Ryan McBroom,,16524
Anderson Tejeda,,19909
Shogo Akiyama,,27461
Andrew Young,,19521
Matt Lipka,,sa548175
Gabriel Garcia,,sa875999
Moises Castillo,CHW,sa917135
Taylor Jones,,19533
Vaun Brown,SFG,sa3017282
Jacob Heyward,,sa738955
Rusney Castillo,,17016
Jake Adams,,sa3003962
Logan Driscoll,TBR,sa3009882
Leonardo Rivas,,sa872542
Luis Carpio,,sa827960
Jeferson Quero,MIL,sa3015407
Kellen Strahm,TEX,sa3010278
Irving Lopez,STL,sa3002878
Ryan Fitzgerald,BOS,sa3006218
Zach Jarrett,BAL,sa3002883
Tim Lopes,SDP,14137
Jordan Cowan,,sa738703
Dillon Thomas,,12719
Clay Dungan,KCR,sa1169803
Kyle Schmidt,MIN,sa3010707
Heath Quinn,,sa737904
Zack Collins,,19181
Brett Gardner,,9927
Bryson Brigman,,sa829857
Yadiel Hernandez,WSN,19334
Brock Holt,,9345
Yoel Romero,,sa872524
Jordan Nwogu,CHC,sa3014530
Chris Roller,CLE,sa3004068
Matt Whatley,TEX,sa915868
Danny Santana,,10322
Tristen Lutz,MIL,sa3004968
Alexis Torres,,sa918010
Albert Almora Jr.,,14109
Mike Freeman,,11241
Jack Dunn,WSN,sa3010029
Brian Dozier,,9810
Chance Sisco,,15694
Starlin Castro,,4579
Ronald Torreyes,,11400
Diego Rincones,DET,sa916849
Ryan Dorow,TEX,23559
Dom Thompson-Williams,,sa829483
Thomas Saggese,TEX,sa3014503
Mickey McDonald,OAK,20533
Jaylen Ferguson,,sa875317
Hernán Pérez,,5751
Connor Scott,PIT,sa3008080
Eric Rodriguez,CLE,sa185525
Cam Cannon,PHI,sa3011467
J.D. Orr,MIA,sa3009875
Kelvin Gutiérrez,,17468
Anthony Alford,,14329
Alen Hanson,,12926
Jake Anchia,SEA,sa3006674
Nick Matera,PHI,sa3007528
Adael Amador,COL,sa3014682
Austin Gauthier,LAD,sa3017121
Kyle Marinconz,,sa3007638
Laz Rivera,CHW,sa3004128
Connor Kaiser,COL,sa3007823
Devin Foyle,OAK,sa3007515
Agustin Ruiz,NYM,sa3004149
Jecksson Flores,,sa597007
Ben Rice,NYY,sa3016974
Orlando Martinez,LAA,sa3006664
Tim Beckham,,7949
David Dahl,SDP,13744
Andres Sosa,TOR,sa3017605
Kevin Maitan,LAA,sa969045
Ronaiker Palma,COL,sa3005624
Carlos Sepulveda,,sa877338
Cristian Santana,DET,sa3015697
Charlie Welch,SEA,sa3016858
Magneuris Sierra,,17023
Kyle Kasser,LAA,sa3006916
José Osuna,,12937
JJ Muno,CHW,sa3004176
Wilbis Santiago,,sa862819
David Bañuelos,MIN,sa3004056
Damek Tomscha,,sa550391
Curtis Terry,BAL,18881
Ti'Quan Forbes,,sa828696
Gabriel Cancel,,sa875231
Mikey White,,sa658966
Max Burt,NYY,sa3007631
Luis Mieses,CHW,sa3003274
Nerio Rodriguez,HOU,sa3003325
Mike Ford,,15585
Vinny Capra,TOR,25040
Greg Allen,BOS,16623
Connor Marabell,,sa858026
Wagner Lagrange,,sa875875
Monte Harrison,,17216
Alex Holderbach,,sa3006789
Evan Alexander,,sa918444
Wilmer Difo,,14320
Jack Mayfield,,15402
Michael Gettys,BOS,sa828692
Ismael Munguia,SFG,sa917132
Jordan Qsar,TBR,sa3007078
Bubba Hollins,MIA,sa829697
Jake Hager,ARI,12198
Jake Scheiner,SEA,sa3004160
Matthew Acosta,,sa3009870
Frederick Bencosme,BAL,sa3016779
Nick Martini,,12005
Ivan Johnson,CIN,sa1169627
Billy McKinney,NYY,15654
José Peraza,NYM,13593
Dylan Harris,,sa3014888
Cole Roederer,CHC,sa3008184
Steven Duggar,LAD,17719
Olivier Basabe,SDP,sa3004933
Jonathan Lucroy,,7870
Shay Whitcomb,HOU,sa3014948
Marcus Wilson,,17910
Johan Lopez,TBR,sa3003228
Arden Pabst,ATL,sa858812
Austin Dean,,18288
TJ Hopkins,CIN,sa1053018
Shayne Fontana,BAL,sa3010897
Matthew Lugo,BOS,sa1169598
Marcelo Mayer,BOS,sa3017114
Luis Matos,SFG,sa3008756
Alex McKenna,HOU,sa3008003
Zach Davis,CHC,sa918888
Armani Smith,MIN,sa918911
Kean Wong,,15994
Jax Biggers,TEX,sa3008251
Scott Schreiber,HOU,sa3007637
Drew Romo,COL,sa3014522
Tate Matheny,,sa658567
Nick Tanielu,,sa829082
Harrison Wenson,,sa738936
Jae-Gyun Hwang,,19369
Bryant Packard,DET,sa3010590
Cody Freeman,TEX,sa3010153
Garrett Whitley,,sa874244
Wes Kath,CHW,sa3017172
Anthony Prato,MIN,sa1052903
René Rivera,,3648
Tirso Ornelas,SDP,sa3004048
Keegan McGovern,,sa3006710
Ross Adolph,HOU,sa3006666
Steele Walker,DET,22093
Lucius Fox,WSN,18899
Sebastián Elizalde,,sa544568
Greg Garcia,PHI,10951
Harry Ford,SEA,sa3017627
Armond Upshaw,WSN,sa918220
Frainyer Chavez,TEX,sa3007019
Carlos Herrera,,sa830140
Welington Castillo,WSN,3256
Colt Keith,DET,sa3014474
Brennon Lund,,sa857730
Drew Ward,,sa737690
Aristides Aquino,,15482
Phil Gosselin,,10953
Carlos Mendoza,DET,sa3008944
Leo Jimenez,TOR,sa3006891
Wilfred Veras,CHW,sa3015178
Cobie Fletcher-Vance,MIA,sa3006860
Luke Ritter,NYM,sa3009878
Brandon Howlett,,sa3007745
Adeiny Hechavarria,,10459
Patrick Kivlehan,,13910
Deon Stafford,,sa915865
D.J. Artis,CHC,sa3007632
Richie Martin,CIN,17736
Buddy Reed,LAD,sa738683
Brandon Lewis,LAD,sa3010035
Angel Lopez,CLE,sa3004167
Mason Williams,,11859
Jeremy Eierman,OAK,sa3007005
Will Robertson,TOR,sa3009879
Eric Wagaman,NYY,sa3002875
Troy Johnston,MIA,sa3010899
Blake Rutherford,,sa917932
Erisbel Arruebarrena,LAD,15809
Bryce Ball,CHC,sa1170451
Grant Koch,PIT,sa3008180
DJ Stewart,,17766
Bennett Hostetler,MIA,sa3017120
Brian Rey,CIN,sa3007307
Jamie Westbrook,NYY,sa737824
John Rhodes,BAL,sa3017162
Ethan Skender,,sa3010268
Carlos Narvaez,NYY,sa916966
Asdrúbal Cabrera,CIN,4962
Luis Vazquez,CHC,sa3005131
Erick Castillo,,12990
Hill Alexander,,sa1170495
Blaze Jordan,BOS,sa3014537
Erick Mejia,WSN,15817
Javier Guevara,,sa872828
Pedro Castellanos,,sa917074
Brian Goodwin,,12858
Kyle Datres,COL,sa3008029
Travis Demeritte,,15958
Luis Barrera,LAA,19615
Hunter Owen,,20034
Dalton Kelly,,sa876363
Ivan Castillo,,15971
Euribiel Angeles,OAK,sa3008877
Lewis Brinson,,14352
Ender Inciarte,,4922
Emmanuel Rodriguez,MIN,sa3014693
Braden Bishop,,17806
Richard Urena,,16411
Carlos Sanchez,,11602
Micker Adolfo,,sa830303
Adrián Sanchez,,11338
Straton Podaras,LAA,sa3017322
Brady Whalen,SFG,sa918278
Leonardo Bernal,STL,sa3015773
César Puello,,7216
Logan Landon,,sa875279
Brhet Bewley,,sa3007289
Trey Harris,WSN,sa3006876
Jaylin Davis,,19552
Ryan Grotjohn,,sa3003964
Andy Burns,,12779
Alexander Ovalles,TBR,sa3005781
Jacob Pearson,ATL,sa3004722
Miguel Hernandez,CIN,sa917055
Grant McCray,SFG,sa3010042
Alexander Palma,,sa739541
Zack Zehner,,sa829122
Cody Thomas,OAK,19828
Drew Mount,CIN,sa3006728
Ethan Murray,MIL,sa3017051
James Wood,WSN,sa3016870
Dondrei Hubbard,,sa3018218
Yohel Pozo,OAK,18848
Mason Martin,PIT,sa3004885
Chris Rabago,,sa829062
Kevin Merrell,,sa915707
Franchy Cordero,BAL,14567
Daz Cameron,BAL,18353
Anthony Mulrine,LAA,sa1170373
Roy Morales,,sa829030
Mikie Mahtook,,13130
Quincy McAfee,CIN,sa1159899
Jordyn Adams,LAA,sa3008032
Chad Spanberger,,sa3004242
Demetrius Sims,MIA,sa3004390
Gunnar Troutwine,,sa3006785
Cristopher Cespedes,,sa872783
Ramon Rodriguez,BAL,sa918698
Patrick Frick,SEA,sa3009891
Wilson Garcia,WSN,sa596287
Gabriel Martinez,TOR,sa3008865
Troy Stokes Jr.,,17478
Rodrigo Vigil,,sa547818
Logan Brown,,sa3006938
Colin Barber,HOU,sa3010696
Christian Lopes,,13472
Seuly Matias,KCR,sa917039
Kenneth Betancourt,LAD,sa3003350
Justin Connell,WSN,sa3004884
Bradlee Beesley,CHC,sa3015097
Dennicher Carrasco,,sa917459
Pablo Aliendo,CHC,sa3006220
Alex Ramirez,NYM,sa3014695
Ryan Aguilar,LAA,19967
Kevin Vicuña,,sa872466
Davis Bradshaw,MIA,sa3007031
Daniel Schneemann,CLE,sa3006936
Jay Schuyler,CIN,sa3006662
Fabricio Macias,PIT,sa927338
Drew Stankiewicz,,sa599531
Heriberto Hernandez,TBR,sa3005630
Cheslor Cuthbert,,10473
Jake Means,KCR,sa1170316
Luis Leon,,sa917463
Eduardo Diaz,,sa917182
Nick Lovullo,,sa659264
Carlos Cortes,NYM,sa3008079
Roberto Baldoquin,,sa857538
Rocky Gale,,10533
Jan Mercado,MIA,sa3005152
Yermín Mercedes,,17423
Vance Vizcaino,CHC,sa658828
Cory Spangenberg,,12294
Derek Fisher,,16192
Alika Williams,TBR,sa3014427
Jacob Robson,DET,19528
John Nogowski,,16852
Hao-Yu  Lee,PHI,sa3017863
Grant Lavigne,COL,sa3007743
Jan Hernandez,,sa737639
Alex McGarry,CIN,sa3015015
Jared Walker,,sa829364
Gilbert Lara,,sa877337
Zach Ashford,NYM,sa3009886
Edwin Figuera,,sa872730
Eli Wilson,PIT,sa918961
Matt McLaughlin,,sa915706
Bryant Betancourt,COL,sa3015846
Austin Dennis,,sa3007650
Stephen Wrenn,,sa738419
Aldrem Corredor,,sa736852
Braxton Fulford,COL,sa3017164
Cole Sturgeon,,sa709546
Andrew Knapp,,14942
Michael Smith,TBR,sa3004997
Kevan Smith,,12284
Jonah Davis,PIT,sa3007501
Spencer Packard,SEA,sa3016803
Danny Woodrow,,sa918257
Adrian Pinto,TOR,sa3015542
Kevin Kramer,,17689
Brooks Lee,MIN,sa3019973
Jason Kipnis,,9776
Zach Watson,BAL,sa3011258
José Devers,MIA,20540
Pat Winkel,MIN,sa3017556
Kervin Pichardo,SDP,sa3011260
Danny Serretti,DET,sa3019967
Luis Yanel Diaz,LAD,sa3002846
Yasiel Puig,,14225
LJ Hatch,COL,sa3005233
McCarthy Tatum,PHI,sa3010582
Kelvin Melean,SDP,sa917141
Luis Castro,,sa736954
Noah Campbell,MIL,sa3014878
Travis Blankenhorn,WSN,18395
Manuel Geraldo,,sa827970
Bryan Holaday,,11287
Jaxx Groshans,,sa3010160
Gabe Holt,,sa3011899
Jacob Buchberger,STL,sa3014987
Eric Sogard,,7927
Daniel Robertson,,14145
Thomas Jones,,sa917968
Erik González,,13369
Johneshwy Fargas,,16446
Jacob Hurtubise,CIN,sa3014820
Will Holland,MIN,sa3011204
Drew Maggi,,sa549144
Alex Isola,MIN,sa1170516
Zander Wiel,MIN,sa857249
Miguel Amaya,CHC,sa917354
Edwin Díaz,,sa738152
Dariel Lopez,PIT,sa3008901
Corey Ray,,19170
Juan Brito,CLE,sa3009808
Rhett Wiseman,,sa658608
Niko Decolati,COL,sa3006670
Carlos Soto,,sa900974
D.J. Peterson,COL,sa549926
Daniel Amaral,,sa3006712
Nick Heath,,19577
Toby Welk,BAL,sa1170296
Chris Cornelius,PHI,sa3010686
Dae-Ho Lee,,18722
Edgardo Fermin,,sa872571
Michael Cantu,SDP,sa829494
Delino DeShields,,11379
Hudson Potts,ATL,sa917936
Dru Baker,TBR,sa3017331
Ernie De La Trinidad,,sa3003955
P.J. Higgins,,18433
Tyler Tolve,ATL,sa3016960
Gosuke Katoh,,15697
Shane Sasaki,TBR,sa3011754
Elliot Soto,MIN,11155
Joshua Mears,SDP,sa3010162
Alex Dickerson,,12649
Dustin Fowler,,17098
Jake Noll,WSN,19703
Rowdey Jordan,NYM,sa3017214
Lazaro Alonso,,sa3002722
Nelson Maldonado,CHC,sa3010389
Luken Baker,STL,sa3008267
Jose Salas,MIN,sa3014690
Aaron Whitefield,LAA,19938
Luis Gonzalez,,sa736875
Luis Alexander Basabe,,17839
Chandler Redmond,STL,sa1170749
Cullen Large,TOR,sa3003959
Terence Doston,MIL,sa1170340
Ali Castillo,,sa507143
Joey Rickard,,13277
Onix Vega,WSN,sa3008007
Imeldo Diaz,,sa872851
Luis Alejandro Basabe,,sa736924
Jefrey Ramos,,sa923039
Tyler Black,MIL,sa3017623
Jacob Rhinesmith,,sa3006729
Peyton Wilson,KCR,sa3017110
J.D. Mundy,,sa3014886
Ka'ai Tom,,18136
Víctor Víctor Mesa,MIA,sa3008602
Jake Bauers,NYY,15194
Randy Florentino,BAL,sa3005529
Jared Oliva,LAA,19968
Grenny Cumana,,sa735846
Dylan Shockley,PIT,sa1170874
Rio Ruiz,,14103
Landon Stephens,ATL,sa3014884
Greg Bird,,14131
Jonathan Engelmann,,sa3006858
Lorenzo Hampton,,sa3010678
Malquin Canelo,,sa657479
Josh Bissonette,PIT,sa1170619
Scott Heineman,,14453
Nick Yorke,BOS,sa3014546
Trei Cruz,DET,sa3014420
Nash Knight,,sa876814
Marcos Castanon,SDP,sa3016818
Samuel Zavala,SDP,sa3015718
Josh Sale,,sa548183
Petey Halpin,CLE,sa3014461
Victor Nova,,sa3006075
Luis Marté,,14515
Chris Shaw,,17738
Tyreque Reed,BOS,sa3004163
Guillermo Heredia,,18721
Daniel Cabrera,DET,sa3014452
Eddinson Paulino,BOS,sa3009538
Greyson Jenista,ATL,sa3007044
Bobby Bradley,,17278
William Hancock,,sa3006854
Xavier Fernández,CHW,sa737922
AJ Graffanino,,sa3008030
Pat Valaika,,14885
Yusniel Diaz,,18905
Moises Ballesteros,CHC,sa3015713
Bryce Teodosio,LAA,sa3016916
Kody Hoese,LAD,sa3010021
Chandler Seagle,SDP,sa3003969
Alex De Jesus,TOR,sa3008842
Errol Robinson,STL,sa857819
Tyler Hardman,NYY,sa3016955
Christin Stewart,,17714
Nick Plummer,,18690
Andrew Romine,CHC,1159
Reivaj Garcia,CHC,sa3006900
Matt Hearn,,sa918523
Simon Whiteman,SFG,sa1169809
Sócrates Brito,,12944
Todd Lott,STL,sa918408
Madison Stokes,PHI,sa3008076
Thomas Dillard,,sa3011308
Cole Daily,WSN,sa3006713
Oliver Dunn,PHI,sa3010595
Marco Hernández,,13154
Jordy Mercer,,6547
JT Riddle,,17642
Travis Shaw,,11982
Jayce Easley,TEX,sa3007057
Ben Ruta,,sa918694
Damon Keith,LAD,sa3017179
Angelo Castellano,KCR,sa657521
Phillip Evans,,12950
Juan Zabala,SDP,sa913717
Ramiro Rodriguez,,sa917287
Ike Freeman,,sa3010167
Michael Sandle,HOU,sa3017048
Alexander Hernandez,,sa3002696
Chris Chinea,,sa827344
Carlos De La Cruz,PHI,sa3006903
Jake Hoover,,sa3010280
Caleb Durbin,NYY,sa3017183
Alsander Womack,CHW,sa3018214
Daniel Johnson,,19643
Miguel Aparicio,,sa917275
Norel Gonzalez,MIA,sa3014819
Axel Andueza,ARI,sa3002712
Aaron Sabato,MIN,sa3014494
Nate Nolan,,sa918101
Ian Miller,,15156
Kale Emshoff,KCR,sa3014934
Jameson Fisher,,sa658576
Kurt Suzuki,,8259
Osvaldo Duarte,,sa828299
Khris Davis,,9112
Austin Beck,OAK,sa3004055
Leobaldo Cabrera,,sa872551
Carson Williams,TBR,sa3017795
Dawel Lugo,,14713
Riley Delgado,ATL,sa3004934
K.J. Harrison,,sa829382
Nick Longhi,,sa738434
Mikey Perez,MIN,sa3017901
Jose Peroza,NYM,sa3003288
Tyler Ladendorf,,3211
Robbie Tenerowicz,,sa738999
Anthony Vilar,SDP,sa3017660
Matt Lloyd,CIN,sa1169978
Kevin Alcantara,CHC,sa3008752
Jeremy Vasquez,NYM,sa915673
Roberto Ramos,,sa829199
Jake Suddleson,OAK,sa3014828
Willy Yahn,BAL,sa915589
Adrian Del Castillo,ARI,sa3016957
Victor Labrada,SEA,sa3015062
Joseph Odom,,15535
Abiatal Avelino,,15496
Evan Edwards,TBR,sa3009866
Jared Young,CHC,20404
Luis Trevino,,sa3009893
Yorman Rodriguez,SDP,sa872817
Franklin Barreto,WSN,15519
Jackson Cluff,WSN,sa3010342
Logan Forsythe,,7185
Trey Amburgey,,18425
Joe Dunand,ATL,19727
Craig Dedelow,CHW,sa918840
Connor Hoover,SEA,sa3004061
Santiago Chávez,MIA,sa657706
Ethan Paul,,sa3011423
Kevin Made,CHC,sa3014679
Edwin Arroyo,CIN,sa3017626
Chris Williams,MIN,sa3007028
Ty Duvall,SEA,sa3014880
Max Muncy,OAK,sa3017290
Joe Panik,,11936
Freuddy Batista,SEA,sa3002866
Danny Edgeworth,,sa3002880
Wes Clarke,MIL,sa3017045
Luis Liberato,SDP,17307
Aaron Shackelford,PIT,sa1169950
Tanner Kirwer,SEA,sa3002831
Mason Auer,TBR,sa3017791
Jimmy Kerrigan,,sa3005235
Nick Banks,,sa873982
Chad Bell,NYY,sa3010888
Marwin Gonzalez,,5497
Tsung-Che Cheng,PIT,sa3015376
Rubén Tejada,,5519
Shed Long Jr.,,16542
Sahid Valenzuela,OAK,sa3014882
Omar Meregildo,WSN,sa872765
Denzel Clarke,OAK,sa3017426
Cal Conley,ATL,sa3017080
Collin Burns,BAL,sa3017176
Osvaldo Tovalin,STL,sa3016927
Bladimir Restituyo,COL,sa3006621
Robert Emery,SFG,sa3014940
Jorge Bonifacio,,12174
Jedd Gyorko,,10816
David Vinsky,,sa1169997
Bubba Starling,,13356
James Parker,SEA,sa3016859
William Lugo,NYM,sa3010876
Neil Walker,,7539
Scott Kingery,PHI,17975
Joel Booker,,sa918497
Austin Bernard,,sa3004510
Trace Loehr,,sa829044
Andy Yerzy,,sa917939
Micael Ramirez,CLE,sa3004883
Tanner Murray,TBR,sa3016805
Jimmy Glowenke,SFG,sa3014548
Alexfri Planez,CLE,sa3005515
Noah Mendlinger,STL,sa3017001
Adam Zebrowski,ATL,sa3017221
Matt Winaker,NYM,sa3004506
Juan Lagares,,5384
Franklin Labour,,sa916848
Demi Orimoloye,,sa875027
Adam Eaton,,11205
Howie Kendrick,,4229
Grant Williams,,sa3006724
J.C. Escarra,BAL,sa738605
Wyatt Mathisen,,14555
Justin Williams,,15490
Casey Opitz,CHC,sa3017509
Alejandro Osuna,TEX,sa3015127
Geraldi Diaz,WSN,sa3002635
Colin Moran,,16909
Nate Esposito,,sa602817
Jeremy De La Rosa,WSN,sa3011329
Ian Dawkins,,sa3006685
Robbie Glendinning,KCR,sa3004978
Connor Pavolony,BAL,sa3017156
Galli Cribbs Jr.,,sa708444
Braxton Martinez,,sa3005373
Connor Kopach,,sa3006791
Osvaldo Abreu,,sa657398
Andrew Moritz,ATL,sa3007054
Chris Sharpe,,sa3004726
Donovan Casey,WSN,sa915654
Jeff Mathis,,3448
Carter Williams,SFG,sa3015126
Dasan Brown,TOR,sa3011717
Mike Rothenberg,DET,sa3016786
Donta' Williams,BAL,sa3017152
Brendan McKay,TBR,20186
Zade Richardson,,sa3010901
Kenedy Corona,HOU,sa3009845
Milan Tolentino,CLE,sa3014544
Shane Selman,OAK,sa1115804
Eduardo Valencia,DET,sa3006622
Victor Mesa Jr.,MIA,sa3010700
Donnie Dewees,,sa858802
Tristan Pompey,,sa3008077
Cornelius Randolph,,sa874241
Eric De La Rosa,DET,sa3006911
Gregory Polanco,,12907
Mikey Reynolds,,sa579292
Ramses Malave,ARI,sa3006428
Cristian Perez,,sa917025
Jose Gomez,LAA,sa828331
Jordan Brewer,HOU,sa3011737
Cam Coursey,ARI,sa3010721
Geraldo Quintero,ATL,sa3008942
Nick Williams,,14330
Anderson Miller,,sa857824
Kyle Martin,,sa829261
Lawrence Butler,OAK,sa3006873
Mitch Moreland,,3086
Jairo Pomares,SFG,sa3010023
Hugo Cardona,TOR,sa3003339
Chris Givin,,sa3010161
Matt Pita,NYY,sa3008146
Jacob Olson,,sa3010394
Kyle Holder,,sa857840
Manuel Sequera,DET,sa3015179
Francisco Acuna,PIT,sa3003291
Ben Malgeri,DET,sa3016975
Jommer Hernandez,TOR,sa3005586
Shin-Soo Choo,,3174
Christopher Proctor,,sa3007062
Steven Leyton,CIN,sa917309
Kekai Rios,TOR,sa3007282
Drew Jackson,,17807
Jeremy Arocho,LAA,sa3004046
Herard Gonzalez,KCR,sa3005750
Elier Hernandez,TEX,13750
Max Wright,SFG,sa3016852
Steven Souza Jr.,,5667
Ryan Howard,,sa857225
Gabe Matthews,LAA,sa3016920
Lizandro Rodriguez,KCR,sa3016094
Reinaldo Ilarraza,,sa923239
Jake Holton,DET,sa3010599
Mack Chambers,STL,sa3016919
Willie Abreu,,sa738883
Sherten Apostel,,21794
Junior Tilien,NYM,sa3015187
Deven Marrero,,13325
Gabriel Rodriguez,CLE,sa3008744
Ryan Bliss,ARI,sa3016951
Patrick Dorrian,MIL,sa3007629
Yasel Antuna,WSN,sa962601
Michael Amditis,CLE,sa3010148
Antonio Gomez,NYY,sa3008746
Wilderd Patino,ARI,sa3007874
Tyler Frank,TBR,sa3006660
Jack Blomgren,COL,sa3014825
Bradley Zimmer,LAD,16221
Andy Sugilio,,sa828414
Izaac Pacheco,DET,sa3016969
D.J. Stewart,PHI,sa3005181
Mitch Roman,CHW,sa918259
Matt Joyce,PHI,3353
Charles Mack,MIN,sa3008250
Drew Lugbauer,ATL,sa829268
Josue Huma,CHC,sa3003379
Todd Czinege,,sa873611
Connor Myers,,sa918641
Stevie Wilkerson,,16041
Hunter Bishop,SFG,sa3011413
Jake Rucker,MIN,sa3017757
Justin Twine,,sa828686
Seth Gray,MIN,sa1115752
Jase Bowen,PIT,sa3011267
Logan Morrison,,9205
Jose Mena,NYM,sa919893
Alfredo Rodriguez,,sa922180
Zach Daniels,HOU,sa3014935
Colin Simpson,COL,sa1159681
Imanol Vargas,LAD,sa3004972
Romer Cuadrado,,sa872527
Seaver Whalen,,sa3003939
Drew Campbell,ATL,sa3011264
Austin Hendrick,CIN,sa3014521
Yoel Yanqui,,sa3003437
Joshua Fuentes,ATL,16885
J.T. Arruda,WSN,sa3010036
Yerdel Vargas,,sa3003184
Luis Verdugo,CHC,sa3006888
Matt Adams,WSN,9393
Dexter Fowler,,4062
Kenny Piper,TBR,sa3017664
Cesar Izturis Jr.,SEA,sa3002847
Brainer Bonaci,BOS,sa3008836
Andres Melendez,CLE,sa3005523
Logan Warmoth,SEA,sa3004813
Logan Cerny,HOU,sa3017661
Kendall Simmons,PHI,sa3006867
River Town,KCR,sa3017118
Trent Giambrone,,19250
Juan Aparicio,,sa3002710
Beau Brundage,,sa3008246
Drew Swift,OAK,sa3017281
Matt Cross,OAK,sa3007071
Andrew Daschbach,BAL,sa3011414
Marcos Gonzalez,CLE,sa3003311
Jonatan Clase,SEA,sa3008787
Christian Cairo,CLE,sa3010028
Chris Torres,,sa872538
Joe Donovan,CLE,sa3015088
Yiddi Cappe,MIA,sa3015515
Brayan Buelvas,OAK,sa3008868
Hudson Head,PIT,sa3010889
Greg Deichmann,,19872
Rusber Estrada,,sa3007077
Steven Sensley,,sa738492
Cody Bohanek,,sa3004157
Jared McDonald,OAK,sa3014936
Jim Haley,PHI,sa918418
Christian Donahue,CHC,sa3005401
Jesus Lujano,,sa917197
Jackson Merrill,SDP,sa3016829
Alerick Soularie,MIN,sa3014436
Cameron Maybin,,5223
Freylin Minyety,PHI,sa3017341
Eduardo Garcia,MIL,sa3008751
Yanquiel Fernandez,COL,sa3015648
ByungHo Park,,18497
Miguel Hiraldo,TOR,sa3005486
Braiden Ward,COL,sa3017332
Maikol Escotto,PIT,sa3008878
Mallex Smith,,13608
Scott Burcham,,sa875782
Jarrod Dyson,,4866
Sam McWilliams,LAD,sa3008053
Manny Rodriguez,NYM,sa3006678
Ronnie Dawson,,19710
Todd Frazier,,785
Austin Romine,,5491
Luis García,DET,sa3007295
Michael Berglund,CLE,sa3007016
Torii Hunter Jr.,,sa738667
David Thompson,,sa659290
Grayson Greiner,MIN,17062
Joseph Rosa,,sa872490
Jack Winkler,OAK,sa3017393
Deacon Liput,LAD,sa3008141
Vito Friscia,PHI,sa3010712
Dean Nevarez,,sa3007073
Dylan Rosa,DET,sa3004285
Ronaldo Flores,LAA,sa3009551
Sandro Gaston,HOU,sa3018598
Eddy Diaz,COL,sa3004979
Benjamin Cowles,NYY,sa3016976
Lucas Dunn,SDP,sa3016820
Daniel Descalso,,8392
Tyler Tolbert,KCR,sa3010337
Devin Hairston,MIA,sa915575
Brandon Wagner,,sa738979
Yorberto Mejicano,BOS,sa3009328
Alex Destino,,sa3004031
Alberto Rodriguez,,sa3005603
Trevor Schwecke,TOR,sa3009874
Omar Estévez,,sa914242
Taylor Snyder,,sa738930
Sauryn Lao,LAD,sa917331
Cody Morissette,MIA,sa3017158
Jeremy Rivera,,sa829240
Daniel Ozoria,MIN,sa3003218
Seth Mejias-Brean,,13905
Adrian Sugastey,SFG,sa3015190
Wander Javier,,sa917168
Brad Zunica,,sa875647
Rainer Nunez,TOR,sa3005551
CJ Rodriguez,OAK,sa3017283
Marcus Chiu,,sa3004060
Justin Smoak,,9054
Jake Elmore,,7290
Ashton McGee,,sa3010334
Yeltsin Encarnacion,,sa875336
Joshwan Wright,OAK,sa3005519
Mateo Gil,NYM,sa3007050
Yohendrick Pinango,CHC,sa3009539
Keiner Delgado,NYY,sa3018397
Jarryd Dale,SDP,sa3007022
Alexander Campos,OAK,sa3002852
Marco Hernandez,,sa917737
Wilkin Grullon,BAL,sa3006222
Aeverson Arteaga,SFG,sa3014707
Antoine Duplantis,,sa3011224
Axel Sanchez,SEA,sa3015601
Dalvy Rosario,MIA,sa3005712
Juan Fernandez,SDP,sa917824
James Triantos,CHC,sa3017295
Fabian Pertuz,CHC,sa3005500
Riley Tirotta,TOR,sa3017078
Luis Rodriguez,STL,sa3005727
Will Matthiessen,PIT,sa1116023
Ryan Zimmerman,,4220
Daniel Mateo,TEX,sa3010886
Luis Guerrero,HOU,sa3010713
Cooper Bowman,OAK,sa3016966
Abiezel Ramirez,TBR,sa3003282
Jose Sibrian,MIL,sa917196
Gavin Cross,KCR,sa3019985
Corey Rosier,BOS,sa3016961
Yeison Coca,,sa917075
Camden Duzenack,ARI,sa873988
Juan Mora,CHC,sa3008469
Gilberto Vizcarra,,sa3002865
Ethan Wilson,PHI,sa3017329
Matt O'Neill,NYM,sa1170279
Gage Canning,,sa3006711
Kyler Castillo,MIA,sa3017373
Adam Kerner,SDP,sa3014938
Delvin Zinn,,sa875884
Colton Shaver,,sa915847
Ricardo Méndez,WSN,sa3004383
DJ Gladney,CHW,sa3010043
Miguel Villarroel,TEX,sa3015631
Ynmanol Mariñez,MIA,sa3005716
Sam Travis,,16263
Cooper Johnson,,sa3010584
Max Ferguson,BOS,sa3016819
Chad Stevens,HOU,sa3017040
Kevin Cron,OAK,16211
Tyler Osik,CHW,sa3010017
Alex Blandino,,16271
John Andreoli,,13012
Wilmer Reyes,,sa917118
Ethan Hearn,CHC,sa3011502
Dustin Skelton,,sa3011327
David Rodríguez,,sa735825
Joey Loperfido,HOU,sa3017050
Quinn Brodey,NYM,sa829783
Ian Moller,TEX,sa3017171
Jose Acosta,MIL,sa3006187
Raul Hernandez,,sa873181
Taylor Gushue,,16098
Ben Ramirez,SEA,sa3016950
Jake Fox,CLE,sa3017734
Terrance Gore,NYM,13658
Eric Thames,,3711
Fernando Villalobos,NYM,sa3011114
Francisco Fajardo,,sa3008898
Victor Planchart,CLE,sa3005555
Richard Paz,CLE,sa3005928
Jalen Miller,,sa875016
Carlos Rojas,LAD,sa3015607
Hunter Hearn,,sa3010591
Lazaro Armenteros,OAK,sa969091
Matheu Nelson,CIN,sa3017328
Nicky Delmonico,,13157
Kyler Fedko,MIN,sa3017561
Ramon Mendoza,STL,sa3007513
Jose Torres,CIN,sa3017396
Joe Mack,MIA,sa3017374
Victor Torres,CHW,sa3010597
Elvis Peralta,,sa1170420
Owen Caissie,CHC,sa3014465
Joe DeCarlo,,sa657935
Jace Jung,DET,sa3019992
Yorlis Rodriguez,SFG,sa3007299
Pedro Ramirez,CHC,sa3015834
Luis Valdez,BAL,sa3016076
Tyler Callihan,CIN,sa1169610
Nick Markakis,,5930
Roberto Campos,DET,sa3014683
Jake Sanford,,sa3010585
Hunter Markwardt,,sa3010602
Nick Podkul,PHI,sa3006720
Justin Lopez,SDP,sa3002670
Ryan Reynolds,,sa3010849
Matt Dyer,TBR,sa3014883
Yasmany Tomás,,17171
Eduardo Torrealba,NYY,sa917095
Gabriel Gonzalez,SEA,sa3015723
Manuel Melendez,,sa828329
BJ Murray Jr.,CHC,sa3017287
Jonathan Guzman,,sa917127
Loidel Chapelli,CHW,sa3019400
Yeison Santana,CHC,sa3005730
Sebastian Espino,TOR,sa3003347
Ezequiel Pagan,CHC,sa3007975
Osiris Johnson,MIA,sa3008110
Rubendy Jaquez,,sa917022
Tzu-Wei Lin,,14678
Matthew Barefoot,HOU,sa3010145
Phillip Sikes,BOS,sa3017113
Nate Soria,TBR,sa3007333
Benny Montgomery,COL,sa3017169
Connor Kokx,CLE,sa3017735
Pablo Sandoval,,5409
Tyler Reichenborn,STL,sa3011628
Jacson McGowan,,sa3006677
Hayden Jones,CIN,sa3017108
Yoyner Fajardo,MIN,sa3005938
Michael Osinski,,sa3004298
Neyfy Castillo,ARI,sa3005544
JaCoby Jones,,14818
Shervyen Newton,KCR,sa917119
Kyle Overstreet,,sa827140
Gabriel Maciel,,sa919532
Tyler Keenan,TOR,sa3014497
Juan Uriarte,,sa872569
Blake Swihart,,13176
Oscar Campos,NYM,sa831986
Andres Guerra,,sa873330
Juan Carlos Negret,KCR,sa3003430
Maximo Acosta,TEX,sa3014711
Roque Salinas,TOR,sa3018215
Riley Mahan,SFG,sa829844
Charles Tilson,,12983
Oswaldo Linares,SDP,sa3015593
Brock Lundquist,TOR,sa3002834
Alan Marrero,,sa918102
Josh Reddick,,3892
Heston Kjerstad,BAL,sa3014439
Austin Murr,DET,sa3016967
Bryant Quijada,COL,sa3004882
Eric Stamets,,13795
Jake Gatewood,,sa828685
Pete Kozma,,2539
Wyatt Hendrie,PIT,sa3017163
Andy Atwood,CHW,sa3019577
Samir Dueñez,,sa739574
Gerardo Parra,,8553
Alexander Mojica,PIT,sa3008889
Ricardo Rodriguez,,sa877334
Rubel Cespedes,MIN,sa3008953
Jacob Nottingham,,16448
Angel Aponte,TEX,sa3003319
Francisco Hernandez,STL,sa3004942
Brandol Mezquita,ATL,sa3006201
Drew Butera,,3411
Julio Meza,TBR,sa3003423
Michael Turconi,TOR,sa3020195
Erik Ostberg,TBR,sa3004505
Ed Howard,CHC,sa3014540
Jack López,,13663
Yadiel Rivera,,11863
Cade Bunnell,ATL,sa3010702
Freudis Nova,HOU,sa3003195
Jake MacKenzie,,sa3015017
Keyber Rodriguez,TEX,sa3005488
Jose Curpa,,sa3002703
Arturo De Freitas,PHI,sa3005939
Jay Allen II,CIN,sa3017403
Mike Jarvis,PIT,sa3017401
Jarrod Watkins,ARI,sa3018377
Josue De Paula,LAD,sa3018591
Marty Bechina,OAK,sa1053075
J.D. Osborne,MIA,sa3005053
Carlos Rodriguez,MIL,sa3005478
Victor De Hoyos,,sa930082
Tanner Murphy,NYM,sa1170052
Saul Torres,,sa923363
Justin Bour,,9744
Matt Rudick,NYM,sa3017334
Quin Cotton,,sa3009872
Cristian Gonzalez,HOU,sa3008771
PK Morris,TOR,sa3005037
Joe Naranjo,CLE,sa3010025
Tyler Locklear,SEA,sa3019970
Darryl Collins,KCR,sa3010154
Kevin Villavicencio,NYM,sa3015673
Luis Santos,NYY,sa3005080
Stephen Vogt,,5000
Jacob Gonzalez,PIT,sa3004691
Flemin Bautista,,sa3005940
Wade Stauss,STL,sa3017000
James Nelson,,sa875753
Patrick Romeri,STL,sa3010723
Misael Urbina,MIN,sa3008743
D'Shawn Knowles,LAA,sa3006889
Derek Dietrich,,10542
Preston Palmeiro,LAA,sa857823
Dylan Neuse,MIN,sa3018123
Anthony Quirion,PHI,sa3017477
Javier Sanoja,MIA,sa3015564
T.J. Schofield-Sam,OAK,sa3011501
Aldrich De Jongh,LAD,sa3007974
Noah Miller,MIN,sa3017512
Daniel Murphy,,4316
Zach Zubia,MIA,sa3016861
Victor Scott II,STL,sa3019838
Albert Fabian,SDP,sa3008888
Hector Rodriguez,CIN,sa3015828
Francisco Del Valle,,sa918323
Pablo Olivares,,sa872547
Justin Lavey,SEA,sa3014817
Sammy Infante,WSN,sa3014717
Willy Vasquez,TBR,sa3011821
Jeferson Morales,MIN,sa3005472
Hunter Pence,,8252
Erick Brito,PHI,sa3011753
Sean Reynolds,MIA,sa917966
Jose Guzman,,sa3005601
Adrian Placencia,LAA,sa3014688
Keinner Piña,,sa828363
Derwin Barreto,,sa3005522
Adam Hall,BAL,sa3005077
Dariel Gomez,,sa872729
Jacob Berry,MIA,sa3019825
Ronny Brito,,sa917329
Bryan Arias,HOU,sa3011265
Nick Biddison,LAD,sa3019888
Grant Richardson,NYY,sa3016964
Wilfred Astudillo,CIN,sa3003236
Keegan Fish,CHW,sa3007068
Jaylen Palmer,NYM,sa3008297
Kevin Josephina,,sa830120
J.J. D'Orazio,ARI,sa3008876
Humberto Arteaga,,13595
Michel Triana,CIN,sa3014681
Anthony Morales,TOR,sa1172775
Christian Molfetta,LAA,sa3016962
Taylor Young,LAD,sa3019907
Sonny DiChiara,LAA,sa3019866
Ben Pelletier,,sa876134
Andrew Martinez,,sa3010691
Wladimir Chalo,LAD,sa3002863
Jake Washer,CHC,sa3011306
Jorge Burgos,CLE,sa3008929
Enmanuel Tejeda,NYY,sa3018497
Tyler McDonough,BOS,sa3016869
Isaac De Leon,BAL,sa3008784
Esmil Torres,,sa3009284
Cade Doughty,TOR,sa3020196
Juan Guerrero,COL,sa3008759
Viandel Pena,WSN,sa3005775
Nick Schnell,TBR,sa3007639
Ronny Hernandez,CHW,sa3018643
Manuel Palencia,NYY,sa3015659
Yorkislandy Alvarez,,sa3009570
Victor Bericoto,SFG,sa3008767
Angel Rivera,OAK,sa3018922
Kevin Kendall,NYM,sa3017212
Ernesto Martinez,MIL,sa3003173
Osmy Gregorio,LAA,sa917348
Raudelis Martinez,TBR,sa3016835
Myles Emmerson,LAA,sa3016862
Jordy Barley,WSN,sa3004148
Jon Jay,,5227
Clayton Daniel,LAD,sa3007646
Stanley Consuegra,NYM,sa3005628
Tommy Jew,STL,sa3015071
Tyler Hill,,sa829481
Rayner Santana,SFG,sa3008897
Beau Philip,ATL,sa1169595
Antoni Flores,,sa3005489
Cole Barr,SEA,sa3016860
José Sánchez,WSN,sa3004382
Jeral Perez,LAD,sa3018557
Omar De Los Santos,NYM,sa3008938
Josh Kasevich,TOR,sa3020203
Justin Farmer,SDP,sa3017622
Werner Blakely,LAA,sa3014502
Jeremy Ydens,,sa3010852
Jackson Glenn,PIT,sa3017478
Jhon Torres,STL,sa3003233
Yunior Garcia,LAD,sa3005570
Ryan Cordell,,15181
Jack Herman,PIT,sa3007877
Justin Guerrera,NYM,sa3017082
Jeremy Rivas,STL,sa3015193
Jared Dupere,SFG,sa3017288
Rodolfo Bone,,sa3006424
Seamus Curran,,sa875212
Ben Metzinger,MIL,sa3019927
Anyesber Sivira,SFG,sa3003301
Dillon Tatum,MIN,sa3017903
Kadon Morton,ATL,sa3010870
Antonio Cabello,,sa3005600
Jose Rivas,,sa872495
Trent Tingelstad,SEA,sa3009896
Jose Cedeno,CLE,sa3018471
David Calabrese,LAA,sa3014507
Caleb Roberts,ARI,sa3016959
Estiven Machado,TOR,sa3014715
Yohander Martinez,MIN,sa3008775
Reggie Pruitt,,sa875404
Nerwilian Cedeno,SDP,sa3010026
Johan Cruz,,sa736621
Malcom Quintero,CHC,sa3007827
Baron Radcliff,PHI,sa3014424
Edwin Encarnación,,2151
Isaias Quiroz,,sa829275
Yordys Valdes,CLE,sa3010037
Noelberth Romero,BAL,sa3008808
Cameron Barstad,MIA,sa3011350
Enrique Valdez,KCR,sa3005568
Jared Carr,PHI,sa3017343
Marcos Rivera,,sa872509
Kahlil Watson,MIA,sa3017513
Marcos Cabrera,NYY,sa3008890
Darlin Moquete,STL,sa3005617
Madison Santos,NYY,sa3006206
Jeremiah Burks,,sa3007004
Aaron Bracho,CLE,sa3010018
Jonathan Sierra,,sa917303
Adrian Rondon,,sa877519
Daneurys De La Cruz,DET,sa3007059
Wilfredo Flores,PHI,sa3006606
Victor Duarte,SDP,sa3008904
Drew Mendoza,WSN,sa3011256
Edmond Americaan,,sa3008341
Gabe Snyder,,sa3006880
Alex Hall,MIL,sa3007023
Pedro Martinez,PHI,sa3005795
Eric Rivera,,sa1115765
Cade Harris,,sa3006661
Sal Gozzo,,sa3010708
Cristian Inoa,,sa917277
Luis Toribio,SFG,sa3005541
Creed Willems,BAL,sa3017562
Ian Lewis,MIA,sa3014691
Daury Arias,NYY,sa3015685
Cayden Wallace,KCR,sa3019996
Austin Callahan,CIN,sa3017407
Jose Ramos,SFG,sa3016541
E.J. Exposito,ATL,sa3019900
Antonio Pinero,,sa917079
Will Frizzell,WSN,sa3017555
Billy Cook,BAL,sa3017021
Gilberto Jimenez,BOS,sa3005507
Spencer Griffin,,sa3005063
Deury Carrasco,HOU,sa3003330
Claudio Finol,PIT,sa3003256
Colton Bender,SDP,sa3016828
Hendry Mendez,MIL,sa3015727
Lamar Sparks,,sa3004932
Victor Diaz,HOU,sa3008801
Austen Wade,,sa3004930
Scott Schebler,,12225
T.J. Rumfield,NYY,sa3017330
Dereck Salom,OAK,sa3005925
Jean Ramirez,KCR,sa3008452
Michael De León,,sa823925
Hogan Windish,SEA,sa3019805
Jawuan Harris,,sa3007049
Warren Saunders,NYM,sa3011405
Caeden Trenkle,OAK,sa3019991
Chad McClanahan,,sa918209
Parker Bates,KCR,sa3017112
Ryan Spikes,TBR,sa3017792
Channy Ortiz,ARI,sa3016952
Leosdany Molina,HOU,sa3015874
Michael Arroyo,SEA,sa3018429
Rece Hinds,CIN,sa1169587
Jacob Wetzel,CHC,sa3015057
Mike Salvatore,SEA,sa3011254
Elio Prado,BAL,sa3008807
Carlos Santiago,MIA,sa3005565
Bobby Seymour,TBR,sa3017852
Angel Mateo,TBR,sa3018540
Carl Chester,,sa829813
Adinso Reyes,DET,sa3008750
Kevin Richards,OAK,sa3004880
Brennan Milone,OAK,sa3019974
Liam Sabino,SEA,sa3007821
Jose Tortolero,,sa3002708
T.J. White,WSN,sa3017697
Carlos Luis,SDP,sa3002860
Josh Rolette,,sa875776
Shawn Goosenberg,CHW,sa3017116
Jesus Lopez,TEX,sa3018638
Abimelec Ortiz,TEX,sa3016926
Terrell Tatum,CHW,sa3017338
Marcus Lee Sang,PHI,sa3011445
Jacob Teter,BAL,sa3017016
Luis Baez,MIN,sa3005747
Joe Stewart,LAA,sa3019852
Eduardo Lopez,BOS,sa3009275
Ricky Aracena,,sa877365
Mariel Bautista,,sa872535
Justin Williams,HOU,sa3017076
LG Castillo,,sa3005128
Telmito Agustin,,sa828321
Joey Roach,,sa918726
Echedry Vargas,TEX,sa3018565
Grayson Byrd,,sa3010387
Wilmer Perez,WSN,sa3002634
Mairoshendrick Martinus,LAD,sa3018505
Alain Camou,SDP,sa3018450
L.J. Jones,STL,sa3014840
Dayan Frias,CLE,sa3008768
JT Schwartz,NYM,sa3017371
Reed Trimble,BAL,sa3017180
Reylin Perez,DET,sa3019204
Jonny Butler,OAK,sa3017292
Efrenyer Narvaez,TEX,sa3008885
Grant Little,SDP,sa3008031
Garrison Schwartz,,sa3003956
Davis Tavarez,BAL,sa3004271
Jose Meza,LAD,sa3015558
Ghordy Santos,SFG,sa3003331
Aldenis Sanchez,NYY,sa3003222
Duke Ellis,CHW,sa3014816
Victor Ruiz,,sa3004150
Jorge Mendez,PHI,sa3015662
Aron Estrada,BAL,sa3018552
Samil Polanco,CHW,sa3006676
Benjamin Sems,COL,sa3017161
Mason Janvrin,BAL,sa3010685
Austin Rei,,sa659079
Edwin Mateo,,sa3003364
Ricardo Toro,HOU,sa3005904
Karl Ellison,TOR,sa3018120
Alexander Vargas,NYY,sa3008851
Thomas Francisco,STL,sa3016999
Cole Cummings,SDP,sa3016830
TT Bowens,BAL,sa3015107
Manuel Pena,ARI,sa3015715
Logan Wyatt,SFG,sa3011259
Manuel Garcia,DET,sa3006202
Junior Perez,OAK,sa3005744
Roman Ruiz,,sa3005546
Juan Corniel,ARI,sa3015169
Fox Semones,ARI,sa3019531
Federico Polanco,MIA,sa3005571
Jose Estrada,MIA,sa3008933
Joe Gray Jr.,MIL,sa3008005
Yoander Rivero,WSN,sa3008782
Harrison Ray,,sa3014815
Kaleo Johnson,,sa3006935
Isaiah Pasteur,,sa3008138
Omar Hernandez,KCR,sa3010155
Omar Martinez,NYY,sa3008573
Peyton Graham,DET,sa3019990
Jadiel Sanchez,LAA,sa3011629
Cooper Uhl,OAK,sa3014985
Carlos Avila,LAD,sa3016161
Zack Raabe,MIL,sa3017046
Carlos Dominguez,NYM,sa3009191
Jared Serna,NYY,sa3015579
Leandro Emiliani,WSN,sa3006897
Ruben Ibarra,CIN,sa3017053
Ben Norman,CHW,sa3018376
Garrett Wolforth,,sa876111
Jose King,,sa917184
Jake Vogel,LAD,sa3014473
Brantley Bell,,sa875352
Kyle Wilkie,,sa3010270
Julio De La Cruz,,sa3003224
Tanner Schobel,MIN,sa3020009
Garrett Spain,TOR,sa3017174
Jorge Puerta,LAD,sa3015606
Alexeis Azuaje,PHI,sa3009286
Dyan Jorge,COL,sa3018387
Michael Trautwein,CIN,sa3017043
Kingston Liniak,,sa3007020
Danny Oriente,,sa3014943
Alexis Pantoja,,sa829182
Jorge Oña,SDP,20040
Luis Durango,CLE,sa3015232
Max George,,sa829010
Frederick Cuevas,,sa872550
Chris Meyers,DET,sa3016956
Cesar Idrogo,CLE,sa3005479
Brandon White,,sa3010011
Nicolas Torres,PHI,sa3002711
Felix Tena,COL,sa3015847
Dillan Shrum,KCR,sa3017111
Jesus Baez,NYM,sa3018507
Lester Madden,,sa3008603
Jean Carmona,,sa3003340
Matt Chamberlain,,sa3014833
Edwin Yon,,sa872464
Raul Beracierta,,sa917116
Mike Peabody,LAA,sa3017327
J.V. Martinez,,sa917056
Reynaldo Rivera,,sa918552
Jose Perez,TBR,sa3016162
Nestor Heredia,,sa3005626
Dennis Ortega,,sa828381
Rodolfo Nolasco,PIT,sa3008907
Luis Curbelo,,sa918086
Blake Dunn,CIN,sa3016823
Luis Ariza,TBR,sa3015791
Juan Alonso,LAD,sa3016331
Brady Allen,MIA,sa3018098
Oswaldo Osorio,LAD,sa3018560
Micah Bello,MIL,sa3006883
Zack Kone,,sa3008293
Christopher Familia,NYY,sa3011776
Willie Carter,,sa1170876
Abdiel Layer,SFG,sa3007291
Johnfrank Salazar,BOS,sa3015643
Justice Thompson,CIN,sa3017395
Cesar Berbesi,NYM,sa3008740
Isaiah Greene,CLE,sa3014460
Kole Enright,,sa917991
Carlos Ramos,CHC,sa3016185
Christian Robinson,,sa3017074
Allan Berríos,,sa3011153
Garrett Saunders,,sa3010909
Desmond Lindsay,,sa874792
Rafael Cruz,MIN,sa3015819
Carlos Reina,,sa917054
Jace Avina,MIL,sa3018398
Aiverson Rodriguez,COL,sa3008824
Reyny Reyes,,sa3003178
Christopher Espinola,CLE,sa3015786
Jonathan Mejia,STL,sa3018411
Derlin Figueroa,LAD,sa3015851
Francis Grullon,,sa3005927
Zach Dezenzo,HOU,sa3020209
Yosy Galan,TEX,sa3015202
Jose Escobar,CHC,sa3018629
Paul Witt,WSN,sa3014949
Andrws Cruz,CHC,sa3015734
Sammy Siani,PIT,sa3010704
Lexer Saduy,CLE,sa3015536
Yasser Mercedes,MIN,sa3019557
Josh Phegley,,9308
Oneill Manzueta,TBR,sa3005942
Steven Rivas,LAA,sa3016857
Chase Murray,PIT,sa1115500
Isaac Bellony,BAL,sa3009542
Robert Moore,MIL,sa3019928
Jose Garcia,BOS,sa3015337
Zach Kokoska,COL,sa3017165
Brayan Hernandez,BAL,sa3015354
Jose Rivas,,sa3005561
Keoni Cavaco,MIN,sa3010706
Cody Orr,,sa3014892
Cam Williams,KCR,sa3017107
Carlos Sanchez,MIA,sa3018613
Alan Mejia,NYY,sa3008420
Esney Chacon,DET,sa3003267
Casey Martin,PHI,sa3014524
Lizandro Espinoza,STL,sa3015611
Cristofer Torin,ARI,sa3018938
Junior Martina,,sa3010898
Donivan Williams,,sa3004950
Nic Kent,COL,sa3017160
Alejandro Nunez,HOU,sa3018977
Jared Alvarez-Lopez,SDP,sa3011560
Dario Laverde,LAA,sa3018470
Estanlin Cassiani,SFG,sa3016543
Byron Chourio,,sa3018644
Brenny Escanio,NYY,sa3015565
Brady House,WSN,sa3017694
Hector Martinez,,sa3002845
Ranfy Adon,,sa872525
Deivis Nadal,PIT,sa3008879
Spencer Henson,NYY,sa3010887
Ruben Santana,,sa917167
Antony Peguero,MIA,sa3018630
Elijah Greene,,sa3014836
Hosea Nelson,,sa918155
AJ Lewis,COL,sa3015014
Jason Matthews,CHW,sa3018152
Manuel Beltre,TOR,sa3015710
Michael Mantecon,BAL,sa3008949
Leonardo Rondon,PHI,sa3015839
Mariano Ricciardi,OAK,sa3017399
Joe Suozzi,NYM,sa3015106
Danny Bautista,OAK,sa3005602
Milkar Perez,SEA,sa3008883
Sergio Campana,PIT,sa3009834
Junior Franco,ARI,sa3015170
Victor Acosta,CIN,sa3015705
Jhon Solarte,,sa3005510
Gary Mattis,ARI,sa3019524
Felix Salguera,TBR,sa3008914
Luke Morgan,,sa3006683
Daniel Rivero,PIT,sa3005525
Jorge Caballero,MIA,sa3003360
Jaison Chourio,CLE,sa3018399
Michael Wielansky,,sa3006730
Yhoswar Garcia,PHI,sa3015117
Jonathan Willems,,sa917150
Alvaro Gonzalez,DET,sa3005715
Max Smith,,sa1170615
Charlis Aquino,SDP,sa3008895
Jimmy Titus,,sa1052965
Brandon Parker,ATL,sa1169878
Willie Joe Garry Jr.,MIN,sa3007065
Ramon Peralta,SFG,sa3015752
Gage Hughes,,sa3007311
Adan Sanchez,CHC,sa3018431
EJ Andrews Jr.,COL,sa3017157
Jose Rodriguez,MIN,sa3018555
Gus Steiger,CIN,sa3014889
Jack Rogers,CIN,sa3017017
Colin Davis,SEA,sa3016806
Alan Roden,TOR,sa3020212
Gaige Howard,LAD,sa3018245
James Beard,CHW,sa3010038
Wilber Sanchez,CHW,sa3008941
John Cresto,COL,sa3006782
Tyler Malone,SDP,sa3010398
Cameron Cauley,TEX,sa3017167
Emilio Taveras,CLE,sa3015646
David McCabe,ATL,sa3019964
Brody Moore,STL,sa3019839
Edgar Made,,sa3003244
Mishael Deson,BAL,sa3008828
Victor Mesia,TOR,sa3015196
Bryson Horne,ATL,sa3014891
Angel Basabe,PIT,sa3006432
Moises Alcala,ARI,sa3016628
Tyler Esplin,BOS,sa3004727
Kier Meredith,BOS,sa3017325
Stephen Paolini,ATL,sa3010720
Arbert Cipion,MIL,sa3008006
Yenci Pena,TEX,sa3003238
Jose Marquez,,sa873155
Pedro Gonzalez,,sa872568
Carlos Rodriguez,SDP,sa3015594
Korey Holland,CLE,sa3008249
Jadher Areinamo,MIL,sa3015802
Pat DeMarco,,sa3011702
Newremberg Rondon,DET,sa3015653
Yeuris Ramirez,,sa917291
Shean Michel,,sa877018
Ryan Ripken,,sa658502
Solardo Rodriguez,PHI,sa3015836
Carlos Jimenez,SEA,sa3015599
JC Encarnacion,,sa921562
Jake Thompson,MIA,sa3019945
Ronny Rojas,NYY,sa3005530
Luis Guerra,LAD,sa3015788
Tra Holmes,,sa829468
Kelvin HIdalgo,COL,sa3018472
Ronaldo Urdaneta,,sa917292
Anthony Garcia,NYY,sa3005924
Rixon Wingrove,PHI,sa3007298
Corbin Williams,PHI,sa3007324
Bladimir De La Rosa,,sa3009331
Nelson Rada,LAA,sa3018421
Javier Castillo,SFG,sa3016644
Branden Fryman,NYM,sa3010853
Brandon Bossard,CHW,sa3015050
Lazaro Benitez,DET,sa3008819
Victor Rodrigues,LAD,sa3018520
Carlos Aguiar,MIN,sa3005755
Cole Stobbe,,sa917956
Daiwer Castellanos,TBR,sa3007302
Edgardo Ordonez,MIL,sa3016553
Uziel Viloria,PHI,sa3011603
Tanner Allen,MIA,sa3016854
Godwin Bennett,CHW,sa3016191
Logan Allen,TBR,sa1169956
Victor Izturis,CLE,sa3018428
Marco Vargas,MIA,sa3018632
Edwin Barragan,TBR,sa3015622
Jhoan Paulino,OAK,sa3005563
Anthony Walters,,sa3014890
Jose Caguana,SEA,sa3009310
Alex Erro,BOS,sa3010177
Sean Guilbe,,sa3008185
Lazaro Leal,CHW,sa3008940
Angel Solarte,,sa3007037
Johnny Ascanio,CIN,sa3015526
Darwin Baez,PIT,sa3005614
Angeudis Santos,MIA,sa3009794
Sergio Gutierrez,ARI,sa3005539
Kala'i Rosario,MIN,sa3015199
Trendon Craig,BAL,sa3017181
Kyle Lovelace,LAA,sa3017213
Najee Gaskins,,sa3011262
Sander Mora,,sa3006578
Riquelmin Cabral,ARI,sa3015518
Yasmil Bucce,BAL,sa3015739
Keshawn Ogans,ATL,sa3019893
Franklin Soto,,sa3003328
Ricardo Gonzalez,TBR,sa3018529
Sean Kazmar Jr.,,7349
Luke Brown,PIT,sa3017333
Juan De Leon,NYY,sa872565
Brian Klein,,sa3015164
Harvin Mendoza,,sa916997
Kevin Strohschein,WSN,sa3010859
Luis Rodriguez,LAD,sa3014689
Gerson Molina,,sa3008657
Ricardo Hurtado,DET,sa3019200
Dean Miller,,sa1056110
Brady Smith,,sa3015143
Jose Ferrer,TOR,sa3005952
Andrew Shaps,,sa3008430
Travis Moniot,CHW,sa876158
Carlos Oviedo,NYM,sa3018437
Harold Restituyo,,sa3008491
Miguel Dominguez,LAD,sa3018957
Ryan Burrowes,CHW,sa3018619
Maycol Justo,,sa3015616
Ryan Anderson,TEX,sa3006933
Hedbert Perez,MIL,sa3014692
Jhonny Perez,TBR,sa3019208
Jake Guenther,,sa3011263
Edgar Martinez,KCR,sa3005790
Dayro Perez,NYY,sa3009299
Francisco Floyd,ATL,sa3008821
Adrian Perez,SDP,sa3016106
Tyler Flores,,sa3007335
Bryan Gonzalez,BOS,sa3008805
Miguel Tamares,TBR,sa3018592
Yeudi Advincola,KCR,sa3016091
Jacob Young,WSN,sa3017563
Cristian Gonzalez,TEX,sa3018640
Ryder Green,NYY,sa3007875
George Feliz,SEA,sa3015596
Jamari Baylor,PHI,sa3011446
Josue Briceno,DET,sa3018584
Roylems Rangel,TBR,sa3015629
Benyamin Bailey,CHW,sa3009343
Waner Luciano,HOU,sa3018501
Kyle MacDonald,,sa1170553
Roberto Chirinos,NYY,sa3005484
Sandry Hernandez,COL,sa3015649
Jake Boone,,sa3014881
Juan Matheus,NYY,sa3018611
Darwin De Leon,HOU,sa3019665
Yendry Rojas,SDP,sa3018418
Isaac Pena,MIN,sa3018926
Jose Verrier,,sa3006882
Arol Vera,LAA,sa3014687
Freddy Guilamo,HOU,sa3009297
Eric Martinez,MIL,sa3017023
Carlos Irigoyen,DET,sa3005745
Angel Diaz,LAD,sa3019214
Elian Miranda,,sa3014947
Walking Cabrera,SEA,sa3005240
Sheng-Ping Chen,ARI,sa3014837
Samuel Gil,DET,sa3018963
Caleb Knight,CHC,sa3008279
Miguel Rojas,,sa3009660
Alfredo Velasquez,BAL,sa3018556
Jacen Roberson,ARI,sa3016963
Andy Perez,COL,sa3015857
Robby Martin Jr.,COL,sa3017155
Juan Baez,MIL,sa3018525
LT Struble,,sa3010910
Eduardo Guerrero,LAD,sa3018536
Angel Del Rosario,TOR,sa3015195
Felix Stevens,CHC,sa3008946
Javier Vaz,KCR,sa3019906
Carlos Machado,,sa872756
Joe Genord,,sa3009867
Angel Genao,CLE,sa3015706
Edward Duran,TOR,sa3016719
Andry Arias,,sa3005735
Victor Mascai,,sa3005754
DJ Neal,,sa876087
Reece Hampton,,sa3007055
Cody Wilson,WSN,24671
Ilvin Fernandez,CIN,sa3008815
Nathan Perry,,sa3004756
Bryan Torres,SDP,sa3002858
Andy Lugo,BOS,sa3018400
Alexander Suarez,SFG,sa3008915
Keithron Moss,TEX,sa3005599
Reidy Mercado,MIL,sa3005612
Vojtech Mensik,,sa3018153
Fabian Urbina,PIT,sa3011668
Rafael Ramirez,CLE,sa3018476
Scott McKeon,CHC,sa3014826
Erick Peña,KCR,sa3014686
Leodany Perez,,sa3008956
Luis Castillo,MIL,sa3015801
Omar Florentino,KCR,sa3008758
Yimmy Diaz,DET,sa3018394
Wesley Zapata,PIT,sa3015770
Erick Bautista,COL,sa3019103
Cody Grosse,SEA,sa3010052
Oscar Silverio,NYY,sa3016135
Frandy Almonte,TEX,sa3015808
Jesus Bugarin,COL,sa3011857
MacKenzie Mueller,TOR,sa3014824
Liam Hicks,TEX,sa3017400
Nelson Aranguren,CLE,sa3015645
Albert Jerez,,sa3008378
Robert Mendoza,COL,sa3009291
Wilmin Candelario,KCR,sa3008834
Alberto Hernandez,HOU,sa3018582
Jhosward Camacho,SFG,sa3015755
Ashton Creal,CIN,sa3010048
Daniel Castro,HOU,sa3018610
Guillermo Quintana,KCR,sa3005916
Alberis Ferrer,MIL,sa3005584
Gionti Turner,TBR,sa3007326
Frank Astacio,,sa3008856
Glenn Santiago,TOR,sa3010341
Keaton Greenwalt,,sa3010714
Trevor Boone,COL,sa3010336
Diego Omana,CIN,sa3016824
Joshua Rivera,,sa3009961
Dilan Rosario,SFG,sa3010165
Adanson Cruz,STL,sa3005722
Ernny Ordonez,PIT,sa1170897
Leandro Pineda,PHI,sa3008905
Jesus Hernandez,MIA,sa3015736
Alberto Barriga,ARI,sa3018595
Carson Matthews,,sa3016873
Sean Mendoza,,sa3003312
Amador Arias,SEA,sa3003216
Wilson Alvarez,,sa916709
Junior Paniagua,TEX,sa3008875
Kennie Taylor,MIN,sa1169940
Jansel Luis,ARI,sa3018508
Luis Sanchez,ATL,sa3018578
Quentin Holmes,,sa3004776
Wyatt Hoffman,SDP,sa3018219
Norkis Marcos,PIT,sa3005575
Jack Stronach,,sa3010271
Jose De Jesus,TEX,sa3018420
Jonathan Embry,,sa1169879
Aaron McKeithan,STL,sa3016977
Jheremy Vargas,MIL,sa3015353
Narciso Polanco,TBR,sa3018564
Brett Rodriguez,SEA,sa3014831
Abel Noguera,TEX,sa3009308
Darol Garcia,LAD,sa3015556
Debby Santana,,sa3003210
Julio Enrique,,sa3005503
David Leon,CLE,sa3016336
Oliver Carrillo,SDP,sa3019662
Harrison Freed,SFG,sa3010041
Diowill Burgos,MIA,sa3005740
Samuel Escudero,PIT,sa3015807
Blake Tiberi,,sa874235
Luke Heyer,,sa3007042
Anyelo Encarnacion,STL,sa3016157
Alexander Martinez,ATL,sa3018517
Daniel Vazquez,KCR,sa3016143
Justice Bigbie,DET,sa3016971
Angel Maita,,sa3005556
Reniel Ozuna,,sa917151
Gavin Conticello,ARI,sa3017770
Cristopher Navarro,COL,sa917065
Kenni Gomez,HOU,sa3018430
Mike Wilson,,sa918332
Frank Hernandez,CHC,sa3015678
Ranser Amador,,sa3003192
Luis Lara,MIL,sa3018514
Griffin Lockwood-Powell,LAD,sa3019303
Jefferson Rojas,CHC,sa3018571
Zac Ching,LAD,sa1169881
Samuel Rojas,DET,sa3016088
Armando Sierra,BOS,sa3015805
Jonathan Linares,LAA,sa3018475
Alexander Albertus,LAD,sa3018950
Gavin Jones,,sa3010049
Cole Brannen,,sa3004616
Nick Decker,BOS,sa3008590
Luis Torres,LAA,sa3018600
Josue Romero,TEX,sa3016190
Arison Jimenez,TBR,sa3015625
Cade Fergus,PHI,sa3019919
Hamlet Marte,,sa597218
Densi Meli,,sa3008927
Kelvin Diaz,BOS,sa3016122
Keiderson Pavon,TEX,sa3015811
Jose De La Cruz,DET,sa3008747
Jose Melendez,NYM,sa3015827
Dayton Dooney,KCR,sa3017117
Chris Alleyne,LAD,sa3019902
Jhonny Perdomo,KCR,sa3015656
Johanfran Garcia,BOS,sa3018424
Maikol Munoz,SDP,sa3018390
Fidel Castro,,sa3003175
Cristopher Barete,TBR,sa3008887
Caleb Scires,,sa918832
Cody Birdsong,,sa1170766
Eduarqui Fernandez,MIL,sa3008749
Ryan Higgins,BAL,sa3017220
Erick Torres,KCR,sa3018641
Jose Peralta,,sa3005914
Agustin Acosta,LAD,sa3018627
Nicandro Aybar,TBR,sa3018544
Victor Valera,TBR,sa3015671
Braulio Vasquez,,sa924858
Dangelo Sarmiento,NYM,sa3018499
Brayan Oropeza,MIL,sa3017827
Geuri Lubo,CHC,sa3017122
Willy Montero,NYY,sa3015869
Gabriel Gil,COL,sa3005935
Eddy Rodriguez,PIT,sa3016154
Christopher De La Cruz,WSN,sa3005777
Connor Blair,,sa3011382
Jose Tello,,sa873350
Yordany De Los Santos,PIT,sa3018408
Jose Medina,KCR,sa3018621
Cory Wood,,sa3010330
Reginald Preciado,CHC,sa3014702
Christopher Suero,NYM,sa3018614
Amell Brazoban,TOR,sa3008869
Luke Bandy,,sa3010149
Luis Encarnacion,HOU,sa3015548
Cristhian Longa,,sa3003408
Winder Diaz,WSN,sa3015764
Ryan Goins,,9807
Elijah Cabell,STL,sa3017323
Robert Gonzalez,TEX,sa3005919
Marvin Alcantara,BOS,sa3018558
Luis Baez,HOU,sa3018482
Randy Romero,,sa3006185
Raimfer Salinas,NYY,sa3005597
Nathanael Rodriguez,TBR,sa3015793
Elvis Rijo,OAK,sa3018975
Wilfri Peralta,,sa3005481
Marco Soto,PHI,sa3016872
Jose Gerardo,MIA,sa3018645
Je'Von Ward,MIL,sa3004969
Lewis Castillo,NYM,sa3015680
Pedro Pineda,OAK,sa3015703
Parker Chavers,CHC,sa3017939
Gabe Moncada,SEA,sa3008789
Edwin Amparo,BAL,sa3018526
Jose Colmenares,WSN,sa3009817
Luis Ogando,NYY,sa3018924
Carter Jensen,KCR,sa3017339
Drevian Williams-Nelson,,sa3007829
Bryan Acuna,MIN,sa3018427
Kendry Feliz,MIA,sa3018970
Alejandro Pie,TBR,sa3008754
Jelfry Marte,,sa3006886
Rikelbin De Castro,TOR,sa3014714
Danyer Cueva,TEX,sa3015725
Ulrich Bojarski,,sa3004381
Luis Mendez,COL,sa3015650
Jose Rodriguez,TEX,sa3008753
Jesus Chirinos,MIL,sa3005538
Marcos Torres,TEX,sa3018449
Brahian Silva,PHI,sa3016753
Jose Aular,NYM,sa3017954
Juan Castillo,COL,sa3015541
Caberea Weaver,CHW,sa3006866
Jose Colmenarez,PHI,sa3017560
Jack-Thomas Wold,,sa3017402
Yordalin Pena,STL,sa3018489
Austin Schultz,DET,sa3016958
Alvin Guzman,ARI,sa3008748
Yerald Nin,ARI,sa3018479
Christian Sepulveda,LAA,sa3018244
Kelvin Alarcon,,sa917142
Erison Placencia,BAL,sa3011669
Miguel Jerez,,sa917754
Branden Boissiere,WSN,sa3017558
Adriel Sotolongo,,sa3015296
Marcos Brito,,sa3003183
Alexis Hernandez,CHC,sa3018413
Romtres Cabrera,STL,sa3015775
Faruk De La Cruz,TOR,sa3018554
Julio Carrion,LAD,sa3010015
Zach Cole Jr.,HOU,sa3019937
Junior Sanquintin,CLE,sa3010863
Samuel Rodriguez,SFG,sa3015758
Nelson Medina,NYY,sa3005549
Shane Muntz,ARI,sa3016954
Juan Loyo,NYM,sa3005948
Enderson Delgado,TBR,sa3018576
Nic Ready,MIA,sa3009892
Cristhian Rodriguez,MIA,sa3008785
Odalys Peguero,TBR,sa3015626
Yoffry Solano,MIA,sa3019638
Aroon Escobar,PHI,sa3018463
Lency Delgado,,sa3006913
Luis Ravelo,BOS,sa3016171
Justin Guerrero,STL,sa3015615
Derek Bernard,COL,sa3018477
Yorvis Torrealba,COL,sa3010343
Brett Johnson,ARI,sa3019869
Juan Villavicencio,PHI,sa3018494
Jamal O'Guinn,CIN,sa3018208
Alex Zapete,BOS,sa3008811
Juan Perez,SFG,sa3018516
Pedro Hernandez,CLE,sa3018454
Cristian Benavides,BAL,sa3018535
Albert Suarez,,sa3002855
Abel Bastidas,DET,sa3015709
Esmarly Tatis,CHC,sa3009345
Eliam Sandoval,SFG,sa3015751
Jose Reyes,LAA,sa3005490
Chase Krogman,CHW,sa3011615
Jorge Ruiz,LAA,sa3015873
Justin Ammons,TOR,sa3011664
Eduardo Montero,SFG,sa3016152
Miguel Briceno,MIL,sa3015566
Erick Alvarez,TEX,sa3018601
Rivaldo Avila,BOS,sa3016313
Jean Walters,ARI,sa3015236
Ruben Santana,ARI,sa3018468
Jesus Feliz,,sa3002624
Junior Del Valle,MIN,sa3015825
Nomar Fana,DET,sa3015691
Rainier Rivas,,sa3005527
Matheus Lelis,OAK,sa3009556
Xavier Valentin,TEX,sa3008144
Steven Cespedes,KCR,sa3016182
Erubiel Fuentes,OAK,sa3015581
Iverson Espinoza,CIN,sa3015528
Steven Williams,WSN,sa3017553
Andrick Nava,PHI,sa3010693
German Ortiz,OAK,sa3018011
Toby Simmons,MIA,sa3018586
Terry Fuller,,sa3004265
Dyron Campos,NYM,sa3008937
Robert Puason,OAK,sa3014697
Jeral Toledo,PIT,sa3015590
Oswal Rada,COL,sa3015651
Willmer De La Cruz,TBR,sa3015624
Carlos Gonzalez,SEA,sa3018607
Reyden Hidalgo,CLE,sa3016330
Jake Randa,,sa3010033
Kyle Battle,NYY,sa3016968
Kelvin Diaz,PIT,sa3015670
Kevin Infante,,sa3010877
Brenden Dixon,PIT,sa3017397
Joe Vranesh,,sa1170006
Trevor Kehe,,sa3010856
Anderson Colmenarez,ARI,sa3015861
Juan Diaz,,sa3008862
Modeifi Marte,ARI,sa3018445
Juan Cruz,SEA,sa3016194
Yeremi Cabrera,TEX,sa3018549
Luis Silva,,sa3005547
Germain Noriega,NYM,sa3018968
Francisco Garcia,COL,sa3015677
Ahbram Liendo,BOS,sa3016173
Miguel Sosa,PIT,sa3016325
Hansel Otamendi,,sa3009340
Jaxon Hallmark,,sa3018101
Will Bartlett,CLE,sa3010032
Lyonell James,BOS,sa3015524
Armando Cruz,WSN,sa3015695
Lazaro Morales,SFG,sa3018647
Colby Smelley,CHW,sa3017797
Andres Mesa,TEX,sa3015598
Jose Chacon,KCR,sa3016130
Aneudis Mordan,BAL,sa3015741
Obie Ricumstrict,TEX,sa3004282
Torin Montgomery,MIA,sa3019823
Mauro Bonifacio,NYY,sa3008881
Robert Gonzalez,ATL,sa3018545
Kevin Watson Jr,LAA,sa3005151
Eric Jones,,sa3011883
Jose Hernandez,LAD,sa3015557
Jhonson Pena,PIT,sa3015666
Tyler Miller,BOS,sa3017109
Neyfi Marinez,,sa3005931
Jhonny Severino,MIL,sa3018415
Leonel Espinoza,CHC,sa3015735
Franklin Lopez,COL,sa3018936
Roiner Quintana,HOU,sa3019510
Riley Adams,WSN,19864
Juan Jerez,PIT,sa3008892
Oswal Leones,MIL,sa3005945
Angel Cruz,DET,sa3008831
Peyton Williams,TOR,sa3020099
Jose Suarez,STL,sa3016156
Alexander Ramirez,LAA,sa3008757
Randy De Jesus,LAA,sa3018426
Kenny Baez,BAL,sa3016530
Jeffrey Mercedes,CLE,sa3018942
Nelson Roberto,,sa3006595
Yassel Pino,CIN,sa3010047
Santiago Gomez,NYY,sa3018616
Braian Fernández,,sa3005751
Nomar Velasquez,CLE,sa3019483
Diego Benitez,ATL,sa3018391
Leandro Alsinois,CHW,sa3018624
Kenyon Yovan,LAA,sa3016839
Brandon Hernandez,STL,sa3009835
Estuar Suero,SDP,sa3018481
Braylin Minier,CIN,sa3015177
Roger Caraballo,LAD,sa3015555
Carlos Vicioso,BAL,sa3015690
Edwin Sanchez,LAD,sa3018438
Bren Spillane,,sa876159
Andri Leon,DET,sa3018916
Jean Carlos Sio,SFG,sa3018648
Jose Leanez,PHI,sa3015663
Dayker Baldallo,OAK,sa3017699
Liam Spence,CHC,sa3017289
Starlin Aguilar,SEA,sa3015722
Burle Dixon,,sa1170041
Danny Lantigua,,sa3005239
Gleider Figuereo,TEX,sa3015813
Athanael Duarte,LAA,sa3019630
Leonardo Seminati,CIN,sa3008298
Wilton Lara,HOU,sa3018604
Fernando Hernandez,PHI,sa3015582
Yohander Linarez,BOS,sa3019212
Oscar Colina,MIA,sa3018010
Fidel Montero,NYY,sa3015856
Nolan Beltran,PHI,sa3018466
Braylin Tavera,BAL,sa3018416
Leandro Arias,BAL,sa3018433
Eduardo Vaughan,BOS,sa3008810
Raynerd Ortega,LAD,sa3018542
Andres Nolaya,BAL,sa3018563
Edgar Basabe,TEX,sa3015810
Chris Seise,TEX,sa3004142
Yeison Lemos,SFG,sa3015608
Jairo Diaz,CHC,sa3018606
Gerard Ramos,,sa3005536
Eduardo Garcia,,sa3015514
Branlyn Jaraba,MIL,sa3008755
Yidel Diaz,CHC,sa3018946
Jesus Montilla,CLE,sa3016160
Javeon Cody,,sa1169970
Roinny Aguiar,PIT,sa3019439
Carlos Sanchez,CIN,sa3018465
Edinson Duran,NYY,sa3016561
Logan Glass,CHW,sa3011614
Guillermo Rodriguez,CHW,sa3018602
Arxy Hernandez,CHW,sa3015693
Nestor Rios,MIA,sa3018918
Ricardo Cubillan,,sa917089
Yonatan Henriquez,NYM,sa3018487
Felix Familia,,sa3003213
Jasiah Dixon,PIT,sa3011590
Lazaro Montes,SEA,sa3018409
Adony Mejia,PHI,sa3008924
Wendell Marrero,CIN,sa3010044
Ethan De Cuba,KCR,sa3015553
Roderick Arias,NYY,sa3019674
Gedionne Marlin,TEX,sa3015809
Saul Garza,KCR,sa3015225
Mahki Backstrom,ATL,sa3011599
David Hollie,KCR,sa3007304
Jonny Homza,SDP,sa3004155
Jose Monserrate,MIA,sa3018646
Ezequiel Alvarez,CHC,sa3009559
Franklin Linares,,sa3009820
Carlos Rondon,,sa3009319
Carlos Pacheco,OAK,sa3018455
Carlos Jimenez,CHW,sa3015843
Layant Tapia,CHW,sa3015652
Elio Campos,LAD,sa3016645
Tucker Flint,LAA,sa3019856
Yohenny Mata,NYM,sa3016338
Angel Pierre,KCR,sa3018590
Zach Biermann,,sa3010158
Andre Nnebe,,sa3011588
Freddvil Chevez,,sa3003413
Santiago Millan,TBR,sa3015628
Tyler Whitaker,HOU,sa3017376
Anderson Nova,MIN,sa3018553
Freili Encarnacion,BOS,sa3018414
Pierce Jones,,sa3010338
Hans Montero,NYY,sa3016321
Dairon Cuevas,ARI,sa3008792
Capri Ortiz,LAA,sa3018473
Simon Juan,NYM,sa3018412
Micah Yonamine,PHI,sa3010905
Esteban Mejia,TEX,sa3018527
Ricardo Rosario,PHI,sa3016306
Ray Garrett,OAK,sa3017701
Karson Simas,BOS,sa3011739
Danyer Sanabria,ARI,sa3008853
Yosander Asencio,BOS,sa3018456
Daniel Montesino,SDP,sa3015721
Daniel Bruzual,TEX,sa3018531
Misael Mojica,WSN,sa3018462
Alberto Mendez,CLE,sa3018458
Javier Armas,LAD,sa3015604
Jesus Machado,DET,sa3018915
Raul Guzman,CHC,sa3015872
Justin Rodriguez,DET,sa3015796
Alen Pineda,ATL,sa3018965
Albert Carpio,ARI,sa3018518
Jhonny Melenciano,MIA,sa3008776
Wady Mendez,TEX,sa3018615
Roger Lasso,LAD,sa3015789
Denyerbe Gervis,MIN,sa3016176
Franyerber Montilla,DET,sa3018580
Raylin Ramos,BAL,sa3018561
Deivi Cabrera,,sa3016836
Elian Cortorreal,ATL,sa3018618
Luis Castillo,NYM,sa3009761
Josi Novas,KCR,sa3018594
Jefferson Pena,ARI,sa3015714
Eddy Isturiz,CIN,sa3016721
Junior Manon,LAA,sa3016139
Ruben Vizcaya,PIT,sa3015766
Randy Bednar,SEA,sa3016856
Heison Sanchez,DET,sa3018930
Carlos Vasquez,TOR,sa3018939
Yeison Perez,MIL,sa3015806
Carlos Verdecia,,sa3010878
Richard Ramirez,PIT,sa3018474
Gery Holguin,MIL,sa3018534
Jose Bermudez,,sa916720
Brett Langhorne,ATL,sa3007064
Cruzmel Arias,COL,sa3019527
Yaisel Ramos,STL,sa3018620
Luis Echenique,KCR,sa3015655
Jonatan Machado,,sa924310
Stiven Acevedo,BAL,sa3008952
Alexander Benua,ARI,sa3015817
John Cruz,NYY,sa3018573
Jaswel De Los Santos,KCR,sa3008838
Jose Gomez,CLE,sa3018502
Teofilo Mendez,ARI,sa3008795
Miguel Droz,,sa3011704
Jose Sanabria,SDP,sa3015595
Cole Kleszcz,,sa1056328
Demetrio Nadal,MIL,sa3018919
Thomas Sosa,BAL,sa3018566
Garrett Frechette,SFG,sa3010636
Ramon Ramirez,LAA,sa3018971
Darlyn Montero,OAK,sa3009324
Josue Cruz,,sa3005577
Dervy Ventura,SEA,sa3019218
Carson Tucker,CLE,sa3014470
Alex Garcia,,sa3010156
Juan Diaz,TEX,sa3015867
Darel Belen,,sa3008939
Daje Morales,PIT,sa3018509
Albertson Asigen,BOS,sa3016639
Emerson Purroy,CLE,sa3015840
German Tapia,LAD,sa3015850
Yeison Morrobel,TEX,sa3015720
Luis Frias,SFG,sa3018608
Anderdson Rojas,ARI,sa3015818
Wueslly Lespe,SFG,sa3016108
Misael Gonzalez,CHW,sa3010164
Wilson Valdez,PHI,sa3005792
Jose Fernandez,TOR,sa3018581
Samuel Camacaro,NYM,sa3015829
Luis Paredes,COL,sa3015845
Roynier Hernandez,COL,sa3018495
Justin Oferman,,sa3006216
Miguel Vargas,STL,sa3016193
Roosbert Tapia,TBR,sa3018547
Jean Joseph,TOR,sa3018568
Santiago Torres,PHI,sa3016307
Marcus Smith,TEX,sa1169620
Andy Encarnacion,ARI,sa3018498
Axel James,,sa3008806
Skeiling Rodriguez,,sa3005542
Alejandro Loaiza,STL,sa3016195
Jorluis Guerra,COL,sa3016188
Jauri Custodio,PIT,sa3008823
Jandel Paulino,,sa3005779
Michael James,COL,sa3008798
Alvaro Aguero,CHW,sa3015679
Elizaul Chalas,CHC,sa3018973
Julio Pinto,TEX,sa3015812
Willy Fanas,NYM,sa3018389
Raymi Gomez,,sa3008780
Frederick Marte,NYM,sa3015831
Jember Gutierrez,,sa3003324
Reiner Chourio,MIA,sa3016149
Yeison Vargas,KCR,sa3016343
Roberth Gutierrez,CHW,sa3008857
Ricardo Cabrera,CIN,sa3018405
Luis Morales,LAD,sa3008843
Reminton Batista,MIA,sa3018530
Alessandro Duran,SFG,sa3018521
Miguel Fabrizio,CHC,sa3005767
Moises Molero,CLE,sa3018469
Bryce Bush,CHW,sa3008278
Felix Negueis,NYY,sa3008739
Leny Carela,PHI,sa3019402
Justin Washington,,sa3011205
Manuel Guance,NYM,sa3016557
Abdias De La Cruz,ARI,sa3019401
Beyker Martinez,OAK,sa3017700
Sandy Sanchez,CHC,sa3018533
David Beckles,NYY,sa3018441
Dennys Riera,SFG,sa3019675
Franyer Noria,BOS,sa3018528
German Guilarte,SEA,sa3016539
Juan Herrera,,sa3002699
Edgar Alfonso,LAA,sa3015870
Yonathan Pierre,TBR,sa3009555
Juan Aparicio,ARI,sa3015516
Fernando Peguero,BAL,sa3018546
Myles Miller,,sa3018121
Enzo Paulino,TBR,sa3018440
Tevin Mitchell,MIA,sa3011157
Yonathan Leon,,sa3015627
Jecorrah Arnold,,sa3004508
Ivan Sosa,KCR,sa3018588
Yeferson Tineo,TEX,sa3015726
Ronny Ugarte,COL,sa3018460
Matt Warkentin,,sa3015139
Ricardo Cova,SEA,sa3016186
Adari Grant,STL,sa3015771
Victor Celedonio,BAL,sa3016150
Douglas Glod,ATL,sa3019685
Juan Paulino,,sa3008190
Martin Gonzalez,SEA,sa3018434
Fraymi De Leon,BOS,sa3018436
Jerffson Pena,PHI,sa3018443
Jerson Florentino,LAA,sa3018642
Fadriel Cruz,COL,sa3005476
Sebastian Burciaga,,sa3009545
Yanki Jean-Baptiste,CLE,sa3018579
Jhon Diaz,TBR,sa3014710
Eduardo Oviedo,PIT,sa3018451
Alixandri Alvarez,BOS,sa3008802
Bryan Andrade,OAK,sa3018467
Alexander Orasma,KCR,sa3019097
Jose Ochoa,DET,sa3018385
Rafael Herrera,,sa3007052
Jeferson Espinal,TEX,sa3008793
Jhonny Piron,TBR,sa3015702
Jensy De Leon,DET,sa3016551
Juan Batista,ARI,sa3005629
Jairo Mendez,KCR,sa3016092
Lyle Lin,ARI,sa918343
Arfeni Batista,STL,sa3018485
Malvin Valdez,CIN,sa3015719
Robert Robertis,TOR,sa3015639
Mason Berne,ARI,sa3007029
Lewin De La Cruz,ARI,sa3015640
Miguel Lopez,CLE,sa3016187
Carlos Carmona,STL,sa3015776
Helison Mota,BOS,sa3016172
Erick Hernandez,CHW,sa3018921
Edward Romero,ARI,sa3008796
Brayan Guedez,CLE,sa3018461
Jesus Bolivar,DET,sa3008923
Joel Mendez,NYY,sa3015682
Luis Zambrano,,sa3009311
Yoandy Perez,NYM,sa3016180
Mendy Ferreira,,sa3016635
Elias Petiyan,TBR,sa3011645
Nelson Beltran,OAK,sa3008874
Duncan Garcia,MIL,sa3015815
Quentin Selma,,sa3016864
Jediael Maduro,SFG,sa3016151
Kendry Chirinos,TOR,sa3018453
Yilber Herrera,MIN,sa3018425
Jefferson Valladares,LAD,sa3016918
Yefri Rivera,CLE,sa3015784
Felix Reyes,PHI,sa3015688
Luis Barett,LAD,sa3019201
Ronny Ramirez,BOS,sa3017223
Jose Rivera,MIA,sa3018605
Charles Nova,KCR,sa3019497
Daniel Benschop,CHC,sa3018569
Glenallen Hill Jr.,ARI,sa3010335
Victor Sosa,LAD,sa3015562
Natanael Yuten,BOS,sa3018486
Brayan Rijo,CIN,sa3015797
Elis Barreat,TBR,sa3018383
Isaias Dipre,PIT,sa3016314
Moises Gallardo,OAK,sa3017695
Brandon Linares,,sa3006182
Fabio Villadiego,SFG,sa3015762
Andrew Pratt,WSN,sa3010045
Elias Reynoso,STL,sa3015772
Jesus Fernandez,HOU,sa3015654
Kona Quiggle,,sa3010588
Elisandro Alcantara,COL,sa3015647
AJ Lee,,sa3010146
Bayron Lora,TEX,sa3014712
Luis Suarez,NYY,sa3018541
Harold Grant,MIN,sa3018574
Erickson Sarita,CLE,sa3016087
Otoniel Vallejo,,sa3009339
Jordany Oliver,TBR,sa3018532
Oscar Aude,COL,sa3018380
Erick Reyes,,sa3016168
Lisandro Bonifacio,MIA,sa3018583
Jonatan Yan,OAK,sa3019511
Cuba Bess,COL,sa3015374
Johan Barrios,MIL,sa3018417
Erick Caripa,CLE,sa3015533
Rafael Ramirez,HOU,sa3018491
Junior Calderon,KCR,sa3008919
Kashon Conliffe,SDP,sa3018483
Angel Parra,KCR,sa3016556
Jalen Greer,,sa3010340
Luis Maza,CHC,sa3016868
Enrique Valdez,,sa3015676
Jose Colina,,sa872875
Randel Mondesi,CHW,sa3016320
Jean Mata,BAL,sa3019540
Marcelo Perez,STL,sa3016327
Gueile Borrome,CLE,sa3018496
Jose Pastrano,,sa3006721
Isaac Paulino,PIT,sa3019403
Manolfi Jimenez,PHI,sa3018492
Eduarh Colina,MIL,sa3015568
Edrei Campos,BAL,sa3018550
Donis Rodriguez,MIL,sa3018572
Deivis Mosquera,MIA,sa3019216
Tucker Mitchell,TEX,sa3017511
Carlos Tirado,PIT,sa3018577
Wilmer Feliciano,BAL,sa3015745
Edward De La Cruz,WSN,sa3016643
Arnold Prado,CHW,sa3019704
Juan Chacon,BOS,sa3014676
Jose Cordero,SDP,sa3015592
Leiker Figueroa,ATL,sa3018506
Ronald Pena,CLE,sa3015787
Gregory Guerrero,,sa917296
Juan Machado,PIT,sa3016545
Juan Mota,,sa3015868
Hugo Sanchez,SDP,sa3015597
Gustavo Campero,LAA,sa3003242
Brayan Altuve,CHC,sa3016077
Angel Pereira,MIL,sa3018537
Connor Cannon,,sa3010010
Junior Ortega,,sa3008736
Roberto Martinez,BAL,sa3015173
Jorge Garcia,PHI,sa3017853
Samuel Munoz,LAD,sa3018407
Audie Jimenez,SFG,sa3019211
Lizardo Ruiz,CHC,sa3008930
Allan Castro,BOS,sa3016084
Javier Osorio,DET,sa3018410
Raimel Medina,KCR,sa3018617
Claudio Simon,BOS,sa3018448
Starlin Gill,LAA,sa3008737
Welington Santana,,sa3010895
Juan Santana,,sa3005558
Luis De La Cruz,NYM,sa3016298
Dioris Valdez,PIT,sa3016105
Fernando Diaz,STL,sa3009338
Miguel Torres,NYY,sa3003265
Dariam Gutierrez,PHI,sa3018925
Martin Gimenez,TOR,sa3015724
Marino Castillo,KCR,sa3016131
Esneider Gomez,COL,sa3015543
Javier Rivas,PIT,sa3015589
Enmanuel Ramirez,WSN,sa3015763
Cherif Neymour,MIA,sa3018596
Jenier Fernandez,,sa3016197
Sebastian Castro,WSN,sa3016318
Jeury Corona,PHI,sa3008893
Cristian More,CHC,sa3011589
Erick Tejeda,WSN,sa3008783
Ryan Holgate,STL,sa3016998
Diego Villegas,SFG,sa3015757
Brayan Nolasco,,sa3015779
Anderson Suriel,CHC,sa3015683
Elias Fabian,,sa3010284
Cesar Aponte,TBR,sa3009312
Junior Quezada,DET,sa3018949
Yohairo Cuevas,NYM,sa3015826
Deivi Estrada,ARI,sa3006076
Gabriel Araujo,ARI,sa3019310
Carlos Gutierrez,CLE,sa3015783
Rabel Colon,HOU,sa3018631
Yorfran Nieves,ATL,sa3018914
Osvaldo Gavilan,,sa3008873
Joseph Rodriguez,OAK,sa3018381
Jose Robledo,HOU,sa3019628
Ewry Espinal,PIT,sa3015588
Jose Alpuria,ARI,sa3018562
Jancel Santana,BOS,sa3018478
Giancarlos Santana,,sa3008809
Jose Pena,TBR,sa3015630
Francisco Laya,,sa3016335
Raylin Heredia,PHI,sa3016826
Anthuan Valencia,CIN,sa3018422
Bryant Mendez,SEA,sa3016148
Jostyn Almonte,NYM,sa3016866
Jesus Orecchia,,sa3005725
Daniel Oliva,,sa3008902
Guillermo Williamson,SFG,sa3018401
Yeuni Munoz,TOR,sa3015795
Grabiel Salazar,BAL,sa3015667
Francisco Palma,,sa3006193
Isaias Falcon,LAA,sa3015668
Nick Brueser,,sa3017324
Gerald Mejia,NYM,sa3016925
Rodolfo De La Cruz,PIT,sa3015767
Luis Marquez,TEX,sa3019498
Keine Urdaneta,KCR,sa3019494
Daniel Ferreira,CHC,sa3015835
Jesus Ortega,LAA,sa3015669
Jakey Josepha,ARI,sa3017481
Kevin Santos,ARI,sa3016174
Julio Henriquez,MIA,sa3018622
Ronnie Martinez,,sa3016142
Jose Gonzalez,MIL,sa3015569
Samuel Parra,CLE,sa3016086
Jhoan Contreras,WSN,sa3015859
Cesar Ortega,,sa3008189
Richard Rojas,,sa3016332
Luis Watter,MIL,sa3016100
Starlin Mateo,,sa3011580
Jose Contreras,TBR,sa3018567
Jhorjan Guevara,PHI,sa3015602
Stir Candelario,,sa3005611
Jhoan Gomez,,sa3016301
Daniel Pena,MIN,sa3018634
Spencer Brown,,sa3010724
Diego Rodriguez,,sa3015730
Enger Castellano,NYY,sa3015660
Anderson Machado,OAK,sa3015765
Ronny Novas,COL,sa3008957
Moises Febrillet,CHC,sa3018945
Maximo Maria,ATL,sa3018570
Jose Mendez,BOS,sa3016633
Oscar Cedeno,CLE,sa3016125
Saul Bautista,SFG,sa3015750
Jose Alifonso,SFG,sa3019306
Christian Suarez,ATL,sa3018559
John Zorrilla,PIT,sa3016550
Germain Ruiz,MIA,sa3015563
Yemil Rosario,PHI,sa3015838
Yoan Bravo,DET,sa3008829
Derek Vegas,MIA,sa3009323
Brady McConnell,KCR,sa3010331
Oscar Santos,ARI,sa3010598
Enoy Jimenez,CHW,sa3009762
Derek Escobar,PHI,sa3008921
Gabriel Bersing,NYY,sa3016319
J'Rudjeanon Isenia,,sa3011203
Samuel Reyes,SFG,sa3016111
Lerwin Andrade,CLE,sa3016328
Brandy Rosario,SFG,sa3016547
Jose Herrera,CHC,sa3016871
Oswaldo Ladera,SFG,sa3016540
Robert Perez,MIA,sa3018609
Karim Ayubi,BOS,sa3016170
Luis Suisbel,SEA,sa3016717
Sebastian Castro,NYM,sa3015832
Joel Flores,,sa3015575
Henry Ramos,KCR,sa3018432
Ronal Antigua,ARI,sa3016865
Yosmi Fernandez,KCR,sa3015844
Geury Estevez,DET,sa3008832
Carlos Arcila,HOU,sa3015778
Keshawn Rombley,,sa3015617
Kelvin Pena,ATL,sa3008083
Luis Suero,ARI,sa3015520
Damian Valdez,,sa3010872
Alberto Bernal,,sa3008825
Moises Ramirez,,sa3009296
John Mejia,,sa3009548
Juanel Urena,SFG,sa3015753
Darlyn De Leon,CHC,sa3018548
Robinson Vargas,ARI,sa3016081
Kleimer Lemos,TEX,sa3019096
Diego Verbel,SFG,sa3008918
Yancel Guerrero,STL,sa3015774
Hector Jimenez,BAL,sa3015743
Gustavo Armas,PIT,sa3015852
Dawry Martinez,,sa3015634
Angel Santana,KCR,sa3016560
Jose Cosma,BAL,sa3016140
Victor Arias,TOR,sa3015636
Jose Bonilla,LAA,sa3011404
Juan Garcia,WSN,sa3015632
Yoel Viloria,,sa3016089
Ramiro Altagracia,NYY,sa3016778
Erick Arosemena,SFG,sa3018538
Luis Yan,,sa3005475
Aldrin Lucas,KCR,sa3015554
Randy Perea,DET,sa3016344
Cristhian Vaquero,WSN,sa3018403
Matthew Schmidt,,sa3014877
Gregori Cano,TOR,sa3018442
Maikel Hernandez,STL,sa3016113
Gabriel Terrero,COL,sa3015849
Oferman Hernandez,CHC,sa3016183
Neify Rosario,PHI,sa3018452
Jorge Celado,,sa3015552
Axell De Paula,HOU,sa3018488
Erbin Jaque,CHC,sa3018597
Mike Ibarguen,,sa3015830
Francisco Ulloa,,sa3016340
Frailyn Abreu,BAL,sa3016317
Adrian Reyes,CIN,sa3018457
Karniel Pratt,HOU,sa3018636
Julio Ozoria,TOR,sa3018384
Elis Cuevas,BAL,sa3019509
Jose Liriano,BOS,sa3018444
Neifi Vasquez,TBR,sa3018961
Sebastian Bautista,,sa3016127
Pedro Mota,COL,sa3008800
Manuel German,KCR,sa3018623
Jeffry Rosa,NYM,sa3018941
Mario Melendez,,sa3016132
Jerry Torres,,sa3016147
Yelinson Pena,,sa3005918
Luis Rodriguez,,sa3015820
Francisco Nina,MIL,sa3018962
Albert Avila,,sa3006204
Eskoly De Jesus,ARI,sa3016192
Axcel Peralta,,sa3008852
Pedro Figuereo,,sa3016134
Albert Belliard,CHC,sa3018947
Robert De Paula,PIT,sa3016308
Anyelo Reyes,BAL,sa3010882
Richard Polanco,CLE,sa3015782
Angel Bautista,,sa3010864
Josefrailin Alcantara,CHC,sa3018493
Alison Quintero,SDP,sa3004266
Mario Mendez,ARI,sa3009285
Arnys Rodriguez,,sa3015658
Ray-Jacson Chirino,CIN,sa3015527
Juan Mercedes,,sa3008858
Jose Arias,HOU,sa3018490
Luis Leones,CIN,sa3017336
Alexis Feliz,,sa3016114
Brayan Ferrer,SFG,sa3015759
Junior Melo,,sa3003385
Kevin Rivas,CLE,sa3015539
Nicolas Garcia,NYY,sa3009313
Abelaldo Lopez,DET,sa3015545
Angel Pena,,sa3015749
Andy Sosa,SEA,sa3015689
Irving Igualas,MIL,sa3018402
Jairold Carlito,COL,sa3011472
Junior Marino,,sa3016345
Yoangel Ramos,PHI,sa3015837
Jose Freites,KCR,sa3008837
Jiter Heredia,ARI,sa3015519
Gustavo Marquez,,sa3015833
Randy Arrieta,SFG,sa3016322
Roni Cabrera,TEX,sa3018575
Diego Gonzalez,SFG,sa3016549
Jose Rodriguez,,sa3009567
Kliubert Avila,PHI,sa3015684
Eudys Carrasco,,sa3009552
Andy Colon,HOU,sa3018635
Jarol Martinez,PHI,sa3015664
Elian Garcia,ATL,sa3018515
Jhon Imbert,NYY,sa3017771
Anderson Sanchez,HOU,sa3015858
Juan Rosa,NYY,sa3017772
Jeremy Santana,,sa3018599
Jose Pena,MIL,sa3018952
Bryan Nino,,sa3010866
Robert Hendrick,,sa3015573
Delvis Matos,DET,sa3018935
Luis Bolivar,SEA,sa3016341
Jesus Torres,CIN,sa3015531
Delfin Ramirez,,sa3016309
Jaiker Garcia,TEX,sa3018626
Cesar Aguasvivas,BAL,sa3016787
Dee Strange-Gordon,,8203
Stephen Piscotty,,13367
Billy Hamilton,,10199
Matt Beaty,KCR,17710
Kole Calhoun,,11200
Jackson Frazier,TEX,15983
Eddie Rosario,ATL,12155
Miguel Sanó,,12164
Justin Upton,SEA,5222
Robinson Chirinos,,3142
Miguel Cabrera,DET,1744